User_ID,Session_ID,Turn_Number,User_Message_Text,Bot_Response_Text,Intent_Label,Intent_Confidence,Response_Latency_ms,Resolution_Success,User_Sentiment_Score,Escalated_to_Human,Task_Type,End_of_Session
U00054,U00054_S1,1.0,Sample user message for general_info,Bot response for general_info,general_info,0.7506498775278271,348.6144432121442,0.0,0.238055339898591,0.0,Informational,0.0
U00055,U00055_S1,2.0,Sample user message for billing,Bot response for billing,billing,0.49893288858297036,383.0083136945146,1.0,-0.1345915729052598,0.0,Informational,0.0
U00035,U00035_S1,3.0,Sample user message for technical_support,Bot response for technical_support,technical_support,0.8858402794778054,397.36010788544706,1.0,1.239795417019427,0.0,Support,0.0
U00022,U00022_S1,4.0,Sample user message for billing,Bot response for billing,billing,0.6558698191234208,184.11533775254375,1.0,2.471429232293236,0.0,Transactional,0.0
U00026,U00026_S1,5.0,Sample user message for return,Bot response for return,return,0.7413947127326256,731.5609041292821,1.0,-0.45742005774357386,0.0,Support,0.0
,U00013_S1,6.0,Sample user message for general_info,Bot response for general_info,general_info,0.6739650127154354,84.19408769964139,1.0,2.4882195024155416,0.0,Transactional,0.0
,U00060_S1,7.0,Sample user message for return,Bot response for return,return,0.7984189363892799,404.99892714060906,1.0,-0.09234571496676915,0.0,Informational,0.0
U00012,U00012_S1,8.0,Sample user message for order_status,Bot response for order_status,order_status,0.7994618418189752,1413.4780313677122,0.0,0.8340241298427943,0.0,Informational,1.0
U00056,U00056_S1,1.0,Sample user message for billing,,billing,0.8728254525647275,339.8428269448035,1.0,-1.8632920120323335,0.0,Transactional,0.0
U00033,U00033_S1,2.0,Sample user message for order_status,Bot response for order_status,order_status,0.5861246133585492,218.00910691051044,1.0,-1.346005894627997,0.0,Transactional,0.0
U00012,U00012_S1,3.0,Sample user message for general_info,Bot response for general_info,general_info,0.7514042574072614,228.81386675727896,1.0,-0.7261506682136467,0.0,Transactional,0.0
U00022,U00022_S1,4.0,Sample user message for order_status,Bot response for order_status,order_status,0.8922634974289371,218.07053313874732,1.0,,0.0,Transactional,0.0
U00048,U00048_S1,5.0,Sample user message for order_status,Bot response for order_status,order_status,0.9367151168184953,783.200017921546,1.0,0.18845287000948216,0.0,Support,0.0
U00041,U00041_S1,6.0,Sample user message for general_info,Bot response for general_info,general_info,0.928595011282868,742.9919534557769,1.0,-0.3276063594591521,0.0,Informational,0.0
U00014,U00014_S1,7.0,Sample user message for return,Bot response for return,return,0.7010729947792167,281.26929656075293,1.0,-1.8094436273819234,0.0,Informational,0.0
U00024,U00024_S1,8.0,Sample user message for technical_support,Bot response for technical_support,technical_support,0.8446083117018193,346.8192804898335,1.0,-0.7275838558814445,0.0,Informational,1.0
U00006,U00006_S1,1.0,Sample user message for general_info,Bot response for general_info,general_info,0.6269442599914532,554.9057506313073,1.0,0.19613554384536386,0.0,Support,0.0
U00013,U00013_S1,2.0,Sample user message for general_info,Bot response for general_info,general_info,0.8839505891187436,273.6988712521565,1.0,0.6525370678034915,0.0,Transactional,0.0
U00013,U00013_S1,3.0,Sample user message for order_status,Bot response for order_status,order_status,0.4575949716515601,202.24802728785116,1.0,1.1574708391821429,0.0,Transactional,0.0
U00051,U00051_S1,4.0,Sample user message for return,Bot response for return,return,0.7083538423357498,3434.1098644946856,0.0,-2.047596140166396,0.0,Support,0.0
U00050,U00050_S1,5.0,Sample user message for technical_support,Bot response for technical_support,technical_support,0.917092642451115,329.3367229842803,1.0,-0.7352022342980034,0.0,Informational,0.0
U00016,U00016_S1,6.0,Sample user message for technical_support,Bot response for technical_support,technical_support,0.9010307169568997,745.7171687703101,1.0,0.4293946796661028,0.0,Informational,0.0
U00051,U00051_S1,7.0,Sample user message for technical_support,Bot response for technical_support,technical_support,0.6912130879845606,241.39832990600442,1.0,0.3140701962118673,0.0,,0.0
U00009,U00009_S1,8.0,Sample user message for billing,Bot response for billing,billing,0.6789126560091826,212.07016607144203,1.0,1.2451997475722643,0.0,Support,1.0
U00025,U00025_S1,1.0,Sample user message for billing,Bot response for billing,billing,0.8399755280145957,364.32346869905246,1.0,-0.18184482233362692,0.0,Informational,0.0
U00026,U00026_S1,2.0,Sample user message for general_info,Bot response for general_info,general_info,0.8616162713551605,249.3781162092373,0.0,0.7377075783083804,1.0,Transactional,0.0
U00028,U00028_S1,3.0,Sample user message for general_info,Bot response for general_info,general_info,0.8247107596020544,879.5936500425,0.0,0.2213564952997199,0.0,Support,0.0
U00018,U00018_S1,4.0,Sample user message for order_status,Bot response for order_status,order_status,0.8351020980751596,532.3402914711793,0.0,-1.4779985663865636,0.0,Informational,0.0
U00046,U00046_S1,5.0,Sample user message for technical_support,Bot response for technical_support,technical_support,0.9347210547893491,454.45416024676996,1.0,-1.1765575262371726,0.0,Support,0.0
U00039,U00039_S1,6.0,Sample user message for return,Bot response for return,return,0.8922930447391426,137.64390493401433,1.0,0.421253423085798,0.0,,0.0
U00050,U00050_S1,7.0,Sample user message for technical_support,Bot response for technical_support,technical_support,0.8834472752219082,91.61252778483485,1.0,-0.16128832114044073,0.0,,0.0
U00022,U00022_S1,8.0,,Bot response for technical_support,technical_support,0.8879920610097533,622.1358834937604,0.0,0.4048986112463547,0.0,Transactional,1.0
U00027,U00027_S1,1.0,Sample user message for billing,Bot response for billing,billing,0.921192969542413,304.17647112854826,1.0,0.5138377776801434,0.0,Informational,0.0
U00004,U00004_S1,2.0,Sample user message for technical_support,Bot response for technical_support,technical_support,0.6965867651153448,307.97292486506853,1.0,1.3256394559261864,0.0,Informational,0.0
U00006,U00006_S1,3.0,Sample user message for return,Bot response for return,return,,679.0359589632417,0.0,0.1454422485661674,1.0,Transactional,0.0
U00060,U00060_S1,4.0,Sample user message for billing,Bot response for billing,billing,0.8640435571028797,130.72403387930456,1.0,0.9746783294422379,0.0,Support,0.0
U00056,U00056_S1,5.0,Sample user message for order_status,Bot response for order_status,order_status,0.9397284340781359,1715.7089208419402,0.0,-0.12326183162194444,1.0,Support,0.0
U00010,U00010_S1,6.0,Sample user message for return,Bot response for return,return,0.7262772683804761,248.56245769645938,1.0,-0.5391378038801914,0.0,Transactional,0.0
U00049,U00049_S1,7.0,Sample user message for order_status,Bot response for order_status,order_status,0.7671896355226889,527.0138133963493,1.0,-1.9329156484732803,0.0,Informational,0.0
,U00017_S1,8.0,Sample user message for return,Bot response for return,return,0.7228875676219431,227.42590761324468,1.0,0.5156445578063272,0.0,Transactional,1.0
U00004,U00004_S1,1.0,Sample user message for return,Bot response for return,return,0.9001169236540809,1128.7589217554257,0.0,-1.1789201660858402,0.0,Informational,0.0
U00028,U00028_S1,2.0,Sample user message for general_info,Bot response for general_info,general_info,,141.00944535550863,1.0,1.6897185779280606,0.0,Support,0.0
U00005,U00005_S1,3.0,Sample user message for order_status,Bot response for order_status,order_status,0.550654508868565,413.70385842656003,1.0,0.6999808041591432,0.0,Transactional,0.0
U00021,U00021_S1,4.0,Sample user message for return,Bot response for return,return,0.5654308672337999,102.94539114087654,1.0,-0.2957508822389533,0.0,Informational,0.0
U00032,U00032_S1,5.0,Sample user message for return,Bot response for return,return,0.49577532559457116,415.41142407101916,1.0,-0.10009305392065623,0.0,Transactional,0.0
U00005,U00005_S1,6.0,Sample user message for return,Bot response for return,return,0.7349969301622551,371.78328923502363,1.0,0.3998274679567978,0.0,Transactional,0.0
U00022,U00022_S1,7.0,Sample user message for billing,Bot response for billing,billing,0.7416620597759023,548.6625643169108,0.0,0.8157767148621642,0.0,Informational,0.0
U00049,U00049_S1,8.0,Sample user message for technical_support,Bot response for technical_support,technical_support,0.8080311289976463,76.52698647237676,1.0,0.1325860120276623,0.0,Transactional,1.0
U00057,U00057_S1,1.0,Sample user message for return,Bot response for return,return,0.9363185446458522,2546.799449316985,0.0,0.9528714442158874,0.0,Transactional,0.0
U00058,U00058_S1,2.0,Sample user message for general_info,Bot response for general_info,general_info,0.7787539721937323,221.12308550989673,1.0,-0.040476987184690796,0.0,Support,0.0
U00022,U00022_S1,3.0,Sample user message for billing,Bot response for billing,billing,0.8847987735141808,148.72085041751086,1.0,-1.969824975498127,0.0,Transactional,0.0
U00016,U00016_S1,4.0,Sample user message for general_info,Bot response for general_info,general_info,0.722981908459873,290.5032080438869,1.0,1.7154710158080309,0.0,Transactional,0.0
U00002,U00002_S1,5.0,Sample user message for order_status,Bot response for order_status,order_status,0.8945407077823496,72.83555646481824,1.0,-0.058748800223313455,0.0,Informational,0.0
U00054,U00054_S1,6.0,Sample user message for technical_support,Bot response for technical_support,technical_support,0.7699272924133006,367.50278875462385,1.0,-0.20953914062129603,0.0,Support,0.0
U00045,U00045_S1,7.0,Sample user message for return,Bot response for return,return,0.7341796588164123,2646.9087173527396,0.0,-1.740973776374306,0.0,Transactional,0.0
U00015,U00015_S1,8.0,Sample user message for technical_support,Bot response for technical_support,technical_support,0.9718633642225468,1033.0376325698428,0.0,-0.5390380031080806,0.0,Support,1.0
U00024,U00024_S1,1.0,Sample user message for return,Bot response for return,return,0.869926344371059,285.60748037111637,1.0,-0.032666714410621266,0.0,Support,0.0
U00023,U00023_S1,2.0,Sample user message for return,Bot response for return,return,0.8545056576427824,1337.6225629697926,1.0,1.0296960690058492,0.0,Transactional,0.0
U00052,U00052_S1,3.0,Sample user message for billing,Bot response for billing,billing,0.7639290957683854,985.2102873237612,0.0,-0.4341101824085167,0.0,Transactional,0.0
U00051,U00051_S1,4.0,Sample user message for return,Bot response for return,return,0.9168532194102266,144.77266634987365,,-1.3943512696784517,0.0,Support,0.0
U00027,U00027_S1,5.0,Sample user message for order_status,Bot response for order_status,order_status,0.6865916899679215,332.87083829067666,1.0,-0.7273332652492897,0.0,Informational,0.0
U00011,U00011_S1,6.0,Sample user message for technical_support,Bot response for technical_support,technical_support,0.9065043043334592,773.6048563812382,0.0,-1.0372342486938062,0.0,Support,0.0
U00004,U00004_S1,7.0,Sample user message for general_info,Bot response for general_info,general_info,0.7200215682048245,258.165251371152,1.0,-0.8373767762341262,0.0,Support,0.0
U00055,U00055_S1,8.0,Sample user message for technical_support,Bot response for technical_support,technical_support,0.8200943017801129,1086.267628514093,0.0,-0.11473301563841588,0.0,Transactional,1.0
U00020,U00020_S1,1.0,Sample user message for billing,,billing,0.7695448341437083,376.0055628636043,0.0,-0.4158709375464246,0.0,Informational,0.0
U00048,U00048_S1,2.0,Sample user message for technical_support,Bot response for technical_support,technical_support,0.9639899622726954,283.7684339304896,1.0,-0.3707575993820168,0.0,Transactional,0.0
U00052,,,Sample user message for general_info,Bot response for general_info,general_info,0.8076843286910549,145.95442778288106,1.0,0.8946771826745278,0.0,Support,0.0
U00062,U00062_S1,4.0,Sample user message for return,Bot response for return,return,0.6151109941753446,44.167910349093646,1.0,0.14906756186618358,0.0,Informational,0.0
U00017,U00017_S1,5.0,Sample user message for billing,Bot response for billing,billing,0.8228997866758518,265.758277936327,1.0,-1.0802330268000262,0.0,Informational,0.0
U00032,U00032_S1,6.0,Sample user message for billing,Bot response for billing,billing,0.5764620988201401,88.36711556584969,1.0,0.5897414692152249,0.0,Informational,0.0
U00045,U00045_S1,7.0,Sample user message for order_status,Bot response for order_status,order_status,,130.78066146224594,1.0,2.014355875270051,0.0,Support,0.0
U00011,U00011_S1,8.0,Sample user message for order_status,Bot response for order_status,order_status,0.7320586574738813,467.63267874429624,0.0,0.09182108168881539,1.0,Informational,1.0
U00044,U00044_S1,,Sample user message for return,Bot response for return,return,,208.0148438443581,1.0,-0.9708020447561941,0.0,Transactional,
U00028,U00028_S1,2.0,Sample user message for general_info,Bot response for general_info,general_info,0.7524828516592484,340.8810930251297,1.0,-0.6179819307225961,0.0,Transactional,0.0
U00042,U00042_S1,3.0,Sample user message for return,Bot response for return,return,0.7098447722919226,389.4196278284699,1.0,-1.206930588304856,0.0,Transactional,0.0
U00049,U00049_S1,4.0,Sample user message for billing,Bot response for billing,billing,,48.27093176051639,1.0,-0.8209189554623962,0.0,Transactional,0.0
U00003,U00003_S1,5.0,Sample user message for billing,Bot response for billing,billing,0.8923435464205353,129.47876785006088,1.0,1.619961878290292,0.0,,0.0
U00014,U00014_S1,,Sample user message for general_info,Bot response for general_info,general_info,0.5156221902067117,130.83695858546292,0.0,-0.10456646635913928,0.0,Support,0.0
U00015,U00015_S1,7.0,Sample user message for return,Bot response for return,return,0.7526657120477668,416.7501404704325,1.0,0.498388266038327,0.0,Informational,0.0
U00020,U00020_S1,8.0,Sample user message for return,Bot response for return,return,0.8679139622948888,262.63363860414233,1.0,0.4732431468201065,0.0,Transactional,1.0
U00028,U00028_S1,1.0,Sample user message for order_status,Bot response for order_status,order_status,0.786233072643672,662.6380797965318,1.0,-0.5417531394464646,0.0,Transactional,0.0
U00042,U00042_S1,2.0,Sample user message for general_info,Bot response for general_info,general_info,0.7799257314709119,269.6718195263497,1.0,-0.5397745301880121,0.0,Transactional,0.0
U00056,U00056_S1,3.0,Sample user message for general_info,Bot response for general_info,general_info,0.8890682047856495,723.8948118173391,0.0,0.4185219544509752,0.0,Transactional,0.0
U00060,U00060_S1,4.0,Sample user message for general_info,Bot response for general_info,general_info,0.7486622701470865,2076.2900829722676,0.0,1.202135823042579,0.0,Transactional,0.0
U00012,U00012_S1,5.0,Sample user message for technical_support,Bot response for technical_support,technical_support,0.6932897793875362,92.81741749024147,1.0,-2.2354023786154817,0.0,Transactional,0.0
U00030,U00030_S1,6.0,Sample user message for return,Bot response for return,return,0.8381614146447163,131.19078700462578,1.0,1.442796380202893,0.0,Informational,0.0
U00004,U00004_S1,7.0,Sample user message for general_info,Bot response for general_info,general_info,0.9435099588551628,249.8189866174032,1.0,0.6834694663805196,0.0,Informational,0.0
U00047,U00047_S1,8.0,Sample user message for return,Bot response for return,return,0.5243193896187839,167.31609104833078,1.0,-1.1891872510380417,0.0,Informational,1.0
U00051,U00051_S1,1.0,Sample user message for return,Bot response for return,return,0.9366718603836508,395.6579510788858,1.0,0.2335236383933309,0.0,Support,0.0
U00060,U00060_S1,2.0,Sample user message for return,Bot response for return,return,0.8452189118805975,129.4108569690602,1.0,-0.9093329159805092,0.0,Support,0.0
U00057,U00057_S1,3.0,Sample user message for general_info,Bot response for general_info,general_info,,102.47335935468226,1.0,-0.6236678709612108,0.0,Informational,0.0
U00027,U00027_S1,4.0,Sample user message for technical_support,Bot response for technical_support,technical_support,0.9692095782991147,168.59825678881575,1.0,0.8758237500501992,0.0,Transactional,0.0
U00027,U00027_S1,5.0,Sample user message for return,Bot response for return,return,0.9046064748748427,215.7580534293751,1.0,0.16028586955974683,0.0,Transactional,0.0
U00006,U00006_S1,6.0,Sample user message for return,Bot response for return,return,0.7527237771865967,188.76366415973976,1.0,-0.17067631206193787,0.0,Support,0.0
U00003,U00003_S1,7.0,Sample user message for order_status,Bot response for order_status,order_status,0.8740546249353404,191.57302885594157,1.0,0.43797216175789405,0.0,Transactional,0.0
U00021,U00021_S1,8.0,Sample user message for return,Bot response for return,return,0.7978978573182672,288.1006687744132,1.0,-0.11171062994480717,,Informational,1.0
U00053,U00053_S1,1.0,Sample user message for order_status,Bot response for order_status,order_status,0.5896932765721001,852.5086479552492,0.0,-0.8876798053695931,0.0,Support,0.0
,U00053_S1,2.0,Sample user message for billing,Bot response for billing,billing,0.8037204154847118,493.64635704600715,1.0,0.27099849921486013,0.0,Informational,0.0
U00019,U00019_S1,3.0,Sample user message for billing,Bot response for billing,billing,0.7690640109659745,165.54392315996142,1.0,0.05027752109908763,0.0,Informational,
U00023,U00023_S1,4.0,Sample user message for return,Bot response for return,return,0.8568626268584673,191.3553046959434,1.0,-0.3471432640632612,0.0,Support,0.0
U00022,U00022_S1,5.0,Sample user message for technical_support,Bot response for technical_support,technical_support,0.7340915358905307,114.46708495627925,1.0,0.07439846260640154,0.0,Informational,0.0
U00042,U00042_S1,6.0,Sample user message for general_info,Bot response for general_info,general_info,0.7477893217319155,483.6335879155486,0.0,-0.4531316941888781,0.0,Informational,0.0
U00037,U00037_S1,7.0,Sample user message for order_status,Bot response for order_status,order_status,0.8345065242114326,346.77258695252647,0.0,0.40151141103965987,0.0,Informational,0.0
U00042,U00042_S1,8.0,Sample user message for billing,Bot response for billing,billing,0.5643705298606673,141.21692894157093,1.0,-1.8755535598405357,0.0,Transactional,1.0
,U00045_S1,1.0,Sample user message for general_info,Bot response for general_info,general_info,0.773959891058637,294.3510491293166,1.0,1.0646932452600137,0.0,Transactional,0.0
U00032,U00032_S1,,Sample user message for technical_support,Bot response for technical_support,technical_support,0.6606872967110735,705.5242414421433,1.0,3.37431967180067,0.0,Support,
U00031,U00031_S1,3.0,Sample user message for general_info,Bot response for general_info,general_info,,558.1133672239527,1.0,-0.797867391364994,0.0,Support,0.0
U00036,U00036_S1,4.0,Sample user message for order_status,Bot response for order_status,order_status,0.8384152882873273,422.78717751621156,1.0,-0.048012875106291056,0.0,Transactional,0.0
U00020,U00020_S1,5.0,Sample user message for billing,Bot response for billing,billing,0.6267301957695539,280.2305411972449,1.0,-0.9589452884391613,0.0,Transactional,0.0
U00060,,6.0,Sample user message for return,Bot response for return,return,0.8853284806354657,142.86415162339716,1.0,0.7730990624772874,0.0,Support,0.0
U00008,U00008_S1,7.0,Sample user message for general_info,Bot response for general_info,general_info,0.8087358985601955,264.4370846352999,1.0,-0.44172381834222263,0.0,Informational,0.0
U00002,U00002_S1,8.0,Sample user message for general_info,,general_info,0.48913197852807255,387.40612205378,1.0,1.6194675829662368,0.0,Informational,
U00029,U00029_S1,1.0,Sample user message for technical_support,Bot response for technical_support,technical_support,0.481448436604731,1068.6340378316422,0.0,-1.5790875722458952,0.0,Informational,0.0
U00018,U00018_S1,2.0,Sample user message for billing,Bot response for billing,billing,0.6925247587113301,220.64895852301638,,1.0696874665931184,0.0,Support,0.0
U00053,U00053_S1,3.0,Sample user message for return,Bot response for return,return,0.733770804671482,319.6837277882078,1.0,0.7847827589000356,0.0,Informational,0.0
U00024,U00024_S1,4.0,Sample user message for order_status,Bot response for order_status,order_status,0.838965963830863,526.7536506952139,0.0,-0.649089410526062,,,0.0
U00040,U00040_S1,5.0,Sample user message for billing,Bot response for billing,billing,0.9052349973237149,1628.8866175926587,0.0,-1.1139052432709948,1.0,Support,0.0
U00003,U00003_S1,6.0,Sample user message for general_info,Bot response for general_info,general_info,0.5944784362527694,198.50327823902956,1.0,-1.6592806269172105,0.0,Support,0.0
U00053,U00053_S1,7.0,Sample user message for return,Bot response for return,return,0.759355352783514,627.0898072927263,0.0,-3.2238387350695605,0.0,,0.0
U00001,U00001_S1,8.0,,Bot response for general_info,general_info,0.7590745127170372,210.59831236884344,1.0,0.7604672055023377,0.0,Informational,1.0
U00025,U00025_S1,1.0,Sample user message for technical_support,Bot response for technical_support,technical_support,0.5898879738091263,,1.0,-0.5480321943165615,0.0,Transactional,0.0
U00048,U00048_S1,2.0,Sample user message for general_info,Bot response for general_info,general_info,0.7493404610989808,493.50351008596624,1.0,-1.7984290877543345,0.0,Transactional,0.0
U00058,U00058_S1,3.0,Sample user message for technical_support,Bot response for technical_support,technical_support,0.9335052558539126,,1.0,-0.15891807361679108,0.0,Informational,0.0
U00050,U00050_S1,4.0,Sample user message for technical_support,Bot response for technical_support,technical_support,0.8231653265807437,518.4237609281454,0.0,0.39791932691630094,1.0,Transactional,0.0
U00025,U00025_S1,5.0,Sample user message for technical_support,Bot response for technical_support,technical_support,0.849068435217673,420.38965479319796,1.0,-0.4915647159765165,0.0,Informational,0.0
U00007,U00007_S1,6.0,Sample user message for technical_support,Bot response for technical_support,technical_support,0.4069962846357707,106.03610042340654,1.0,0.376125228131611,0.0,Transactional,0.0
U00056,U00056_S1,7.0,Sample user message for return,Bot response for return,return,0.7350748717741149,1488.2359082844584,0.0,-0.25075741698928194,1.0,Transactional,0.0
U00039,U00039_S1,8.0,Sample user message for billing,Bot response for billing,billing,0.9215581910352022,189.11481082626793,1.0,-0.23000767286470197,0.0,Informational,1.0
U00011,U00011_S1,1.0,Sample user message for order_status,Bot response for order_status,order_status,0.912895872937755,454.06563368245855,1.0,-1.6760798285719518,0.0,Informational,0.0
U00027,U00027_S1,2.0,Sample user message for general_info,Bot response for general_info,general_info,0.8534112910897167,831.9857545698723,0.0,-0.5317520275424369,0.0,Informational,0.0
U00058,U00058_S1,3.0,Sample user message for technical_support,Bot response for technical_support,technical_support,0.8168316697715514,199.39218098807044,1.0,-0.952359359161565,0.0,Support,0.0
U00021,U00021_S1,4.0,Sample user message for billing,,billing,0.4686243992127609,96.47352476961194,1.0,-2.350262527328553,0.0,Support,0.0
U00046,U00046_S1,5.0,Sample user message for order_status,Bot response for order_status,order_status,0.891549251906731,170.29145332633448,1.0,-1.0617247578208926,0.0,Informational,0.0
U00036,U00036_S1,6.0,Sample user message for return,Bot response for return,return,0.8739275473814547,1115.0982430797765,0.0,0.7512106974482639,0.0,Informational,
U00020,U00020_S1,7.0,Sample user message for billing,Bot response for billing,billing,0.733082889560078,202.58131618661415,1.0,0.3334394666039351,0.0,Support,0.0
U00004,U00004_S1,8.0,Sample user message for general_info,Bot response for general_info,general_info,0.7961560439586989,306.86892682805205,1.0,-0.13576296688501344,0.0,Transactional,1.0
U00054,U00054_S1,1.0,Sample user message for general_info,Bot response for general_info,general_info,0.7741509021931847,,1.0,0.516520868590843,0.0,Transactional,
U00010,U00010_S1,2.0,Sample user message for order_status,Bot response for order_status,,0.7213937998458102,349.64385967165043,0.0,-0.7999430853435636,0.0,Informational,0.0
U00012,U00012_S1,,Sample user message for technical_support,Bot response for technical_support,technical_support,0.8811625785648286,600.8254662482922,1.0,0.01821155042434771,0.0,Support,0.0
U00052,U00052_S1,4.0,Sample user message for order_status,Bot response for order_status,order_status,0.971990544559372,286.4699911645586,1.0,0.2163016812944802,0.0,Support,0.0
U00015,U00015_S1,5.0,Sample user message for billing,Bot response for billing,billing,0.7795734744150462,285.5122705893197,1.0,-1.0532481648225063,0.0,Transactional,0.0
U00031,U00031_S1,6.0,Sample user message for order_status,Bot response for order_status,order_status,0.3701189910012716,835.6263327783249,1.0,-1.104595091588347,0.0,Informational,0.0
U00036,U00036_S1,7.0,Sample user message for general_info,Bot response for general_info,general_info,0.9299432606511133,229.9440043056135,1.0,-0.16448216176425645,0.0,Transactional,0.0
U00026,U00026_S1,8.0,Sample user message for billing,Bot response for billing,billing,0.2780565146266674,235.1822241924706,1.0,0.7762483983920496,0.0,Transactional,1.0
U00035,U00035_S1,1.0,Sample user message for general_info,Bot response for general_info,general_info,0.7049752681050835,158.20713761220162,1.0,-1.1291507066623148,0.0,Transactional,0.0
U00020,U00020_S1,2.0,Sample user message for order_status,Bot response for order_status,order_status,0.8620021520855488,665.0812371706248,0.0,-0.5735043779451248,0.0,Support,0.0
U00041,U00041_S1,3.0,Sample user message for technical_support,Bot response for technical_support,technical_support,0.8941700915496583,104.02078866936293,1.0,-0.26268799032908996,0.0,Transactional,0.0
U00038,U00038_S1,4.0,Sample user message for billing,Bot response for billing,billing,0.827152081187141,167.56433583192563,1.0,-0.3346408633991346,0.0,,0.0
U00061,U00061_S1,5.0,Sample user message for technical_support,Bot response for technical_support,technical_support,0.8941996602745349,218.29114673528017,0.0,0.7989051170423498,0.0,Informational,0.0
U00052,U00052_S1,6.0,Sample user message for technical_support,Bot response for technical_support,technical_support,0.8857749097360327,179.8822562537181,1.0,-0.15315158192954836,0.0,Support,0.0
U00056,U00056_S1,7.0,Sample user message for return,Bot response for return,return,0.8195254009088835,325.2432352325573,0.0,-0.8990268456869969,0.0,Informational,0.0
U00030,U00030_S1,8.0,Sample user message for return,Bot response for return,return,0.8646167204219132,5312.434257075422,0.0,1.5009330181158724,0.0,Informational,1.0
U00021,U00021_S1,1.0,Sample user message for general_info,Bot response for general_info,general_info,0.8885621519539054,206.22931582064555,1.0,-0.16954643739841327,0.0,Informational,0.0
,U00048_S1,2.0,Sample user message for technical_support,Bot response for technical_support,technical_support,0.8590365330332472,244.99390262167262,1.0,-0.546587091551263,0.0,Informational,0.0
U00052,U00052_S1,3.0,Sample user message for return,Bot response for return,return,0.8807432645587935,1014.5452418714517,0.0,-0.22131866587771107,0.0,Informational,0.0
U00046,U00046_S1,4.0,Sample user message for return,Bot response for return,return,0.467386245077254,188.13788870133604,1.0,4.162872042281159,0.0,Support,0.0
U00051,U00051_S1,5.0,Sample user message for billing,Bot response for billing,billing,0.8091863594087524,295.87672481485305,1.0,-1.1666386963632867,0.0,Transactional,0.0
U00036,U00036_S1,6.0,Sample user message for order_status,Bot response for order_status,order_status,,159.9191937989636,0.0,0.520356843978075,0.0,Informational,0.0
U00028,U00028_S1,7.0,Sample user message for general_info,Bot response for general_info,general_info,0.7973230818817224,811.7589176276438,1.0,-0.45835146530186394,0.0,Informational,0.0
U00049,,8.0,Sample user message for order_status,Bot response for order_status,order_status,0.7358562361493978,,1.0,0.6895210064658553,0.0,Informational,1.0
U00013,U00013_S1,1.0,Sample user message for technical_support,Bot response for technical_support,technical_support,0.5593543484108627,590.4255145805859,1.0,2.175038197692217,0.0,Support,0.0
U00041,U00041_S1,2.0,Sample user message for order_status,Bot response for order_status,order_status,0.7673318792428446,106.98461489445198,1.0,0.406225381613775,0.0,Transactional,0.0
U00056,U00056_S1,3.0,Sample user message for return,Bot response for return,return,0.8704072787131599,164.3897763432817,1.0,-1.4954311046307192,0.0,Transactional,0.0
U00016,U00016_S1,4.0,Sample user message for billing,Bot response for billing,billing,0.696577394345514,164.92879371241298,1.0,-0.180728576929961,,Informational,0.0
U00046,U00046_S1,5.0,Sample user message for general_info,Bot response for general_info,general_info,0.7844402467828164,203.89941688095965,1.0,-0.5798965017115909,0.0,Transactional,0.0
U00014,U00014_S1,6.0,,Bot response for return,return,0.7312408903382739,367.2511372895333,0.0,-1.7074217436030117,0.0,Informational,0.0
U00019,U00019_S1,7.0,Sample user message for billing,Bot response for billing,billing,0.724826165534692,1913.6190674338627,1.0,1.341148242304193,0.0,Transactional,0.0
U00041,U00041_S1,8.0,Sample user message for return,Bot response for return,return,0.8647417035560202,159.91673819125646,1.0,1.0791245417828104,0.0,Transactional,1.0
U00021,U00021_S1,1.0,Sample user message for billing,Bot response for billing,billing,0.857229164738785,537.9426313150368,0.0,-0.4820301758664543,0.0,Support,0.0
U00061,U00061_S1,2.0,Sample user message for order_status,Bot response for order_status,order_status,0.7147941771394767,111.03115211862331,1.0,-0.3154281998119766,0.0,Support,0.0
U00004,U00004_S1,3.0,,Bot response for billing,billing,0.8784585076174803,628.4774952977692,1.0,2.284246051721608,0.0,Transactional,0.0
U00043,U00043_S1,4.0,Sample user message for general_info,Bot response for general_info,general_info,0.7822268007426122,323.5125928659067,1.0,-1.330070924073039,0.0,Informational,0.0
U00039,U00039_S1,5.0,Sample user message for billing,Bot response for billing,billing,0.7092134311889128,438.6138029753003,1.0,-1.6805330419886477,0.0,Transactional,0.0
U00041,U00041_S1,6.0,Sample user message for billing,Bot response for billing,billing,0.7372870820794776,190.93405530801553,0.0,0.4298560637606014,0.0,Transactional,0.0
U00032,U00032_S1,7.0,Sample user message for order_status,Bot response for order_status,order_status,0.8194321906094134,101.1157444146755,1.0,-1.2390746971986433,0.0,Transactional,0.0
U00054,U00054_S1,8.0,Sample user message for return,Bot response for return,return,0.7589845028102343,135.53961467292459,1.0,1.4384283065967014,0.0,Transactional,1.0
U00054,U00054_S1,1.0,Sample user message for technical_support,Bot response for technical_support,technical_support,0.8614093090810134,1674.8269101742674,0.0,0.7279914616627445,0.0,Informational,0.0
U00034,U00034_S1,2.0,Sample user message for general_info,Bot response for general_info,general_info,0.7614303940079155,318.3165477956874,0.0,0.3253921482108254,0.0,Informational,0.0
U00042,U00042_S1,3.0,Sample user message for general_info,Bot response for general_info,general_info,0.740619549465301,251.02357437830804,1.0,-0.5971802352976417,0.0,Transactional,0.0
U00038,U00038_S1,4.0,Sample user message for technical_support,Bot response for technical_support,technical_support,0.7922230189808804,287.1058679146144,1.0,-1.9155494570235105,0.0,Support,0.0
U00024,U00024_S1,5.0,Sample user message for billing,Bot response for billing,billing,0.8927784368018531,524.0764927104603,1.0,-0.4905346255498407,0.0,Support,0.0
U00052,U00052_S1,6.0,Sample user message for technical_support,Bot response for technical_support,technical_support,0.7819228991494466,200.0259043607633,1.0,0.40382490575283686,0.0,Support,0.0
U00007,U00007_S1,7.0,Sample user message for general_info,Bot response for general_info,general_info,0.5105179040307768,545.4908380853776,1.0,-0.6481012610858201,0.0,Transactional,0.0
U00052,U00052_S1,8.0,Sample user message for order_status,,,0.8170274290607776,134.58832129733312,,0.6068441411418825,0.0,Informational,1.0
U00027,U00027_S1,1.0,Sample user message for technical_support,Bot response for technical_support,technical_support,0.4688083558584869,156.13638652420727,1.0,0.011014423201212159,0.0,Transactional,0.0
U00035,U00035_S1,2.0,Sample user message for order_status,Bot response for order_status,order_status,0.8654384213220175,284.65552986406425,1.0,-0.18557118178496454,0.0,Transactional,0.0
U00025,U00025_S1,3.0,Sample user message for billing,Bot response for billing,billing,0.9263421602496462,343.97985719706253,1.0,0.14763390034117066,0.0,Informational,0.0
U00042,U00042_S1,4.0,Sample user message for general_info,Bot response for general_info,general_info,0.6163883917061822,310.09662264111313,1.0,-1.0051295078658362,0.0,Informational,0.0
U00014,U00014_S1,5.0,Sample user message for return,Bot response for return,return,0.5885256343971267,337.70221440035283,1.0,-2.489603654583921,0.0,Transactional,0.0
U00004,U00004_S1,6.0,Sample user message for billing,Bot response for billing,billing,0.7282785765683225,279.392696785865,1.0,0.7414646457359603,0.0,Support,0.0
U00020,U00020_S1,7.0,Sample user message for order_status,Bot response for order_status,,0.9012448425162223,693.8742090664089,1.0,1.538475041218857,0.0,Transactional,0.0
U00010,U00010_S1,8.0,Sample user message for technical_support,Bot response for technical_support,technical_support,0.5770091514864298,382.1889601902833,0.0,-0.0031103661869720154,0.0,Informational,1.0
U00007,U00007_S1,1.0,Sample user message for billing,Bot response for billing,billing,0.928780579321312,239.67480751667148,0.0,0.20567631724549462,0.0,Support,0.0
U00009,U00009_S1,,Sample user message for return,Bot response for return,return,,443.9358047339002,0.0,-0.9716747512962828,0.0,Informational,0.0
U00056,U00056_S1,3.0,Sample user message for billing,Bot response for billing,billing,0.6000941149147059,108.03753349390655,1.0,-1.8786559802525942,0.0,Transactional,0.0
U00034,U00034_S1,4.0,Sample user message for general_info,Bot response for general_info,general_info,0.9666412552881618,1176.0660874707885,0.0,-1.2791512764229358,0.0,Transactional,0.0
U00029,U00029_S1,5.0,Sample user message for billing,Bot response for billing,billing,0.5911478786386155,906.3103951121708,1.0,1.8767329916429207,0.0,Support,0.0
U00059,U00059_S1,6.0,Sample user message for order_status,Bot response for order_status,order_status,0.8674610739534058,303.010984215019,1.0,-0.7567708078145089,0.0,Informational,0.0
U00052,U00052_S1,7.0,Sample user message for billing,,billing,0.9036799703669727,120.97406882199394,1.0,0.6578870168570604,0.0,Informational,0.0
U00039,U00039_S1,8.0,Sample user message for technical_support,Bot response for technical_support,technical_support,,314.714665118726,0.0,-0.4634398395267081,0.0,Informational,1.0
U00040,U00040_S1,1.0,Sample user message for technical_support,Bot response for technical_support,technical_support,0.7682764189063461,887.6888064357222,1.0,-1.2766286258182347,0.0,Support,0.0
U00046,U00046_S1,2.0,Sample user message for technical_support,Bot response for technical_support,technical_support,0.26192942480502984,539.0272265081692,0.0,-1.5452397110694376,0.0,Support,0.0
U00012,U00012_S1,3.0,Sample user message for general_info,Bot response for general_info,general_info,0.9629203105137125,1266.5461287249193,0.0,-1.4998363110895592,0.0,Support,0.0
U00029,U00029_S1,4.0,Sample user message for order_status,Bot response for order_status,order_status,0.6052975282933951,1786.1135089972831,0.0,-0.034131015972260675,0.0,Transactional,0.0
U00032,U00032_S1,5.0,Sample user message for return,Bot response for return,return,0.43475810218629074,355.4606093703377,1.0,-0.47998440690966904,0.0,Informational,0.0
U00052,U00052_S1,6.0,,Bot response for billing,,0.935489397133042,172.39289375775772,1.0,0.5278697764937255,0.0,Transactional,0.0
U00050,U00050_S1,7.0,Sample user message for return,Bot response for return,return,0.72306669247396,383.70653133775045,1.0,-0.8375946878717224,0.0,Support,0.0
U00022,U00022_S1,8.0,Sample user message for order_status,Bot response for order_status,order_status,0.5237559706135799,164.24266440178747,1.0,0.9869709403317498,0.0,Support,1.0
U00030,U00030_S1,1.0,Sample user message for order_status,Bot response for order_status,order_status,0.8912956561483877,163.2952716497372,1.0,-1.2109494503458416,0.0,,0.0
U00044,U00044_S1,2.0,Sample user message for return,Bot response for return,return,0.8861664506770739,128.13446819768856,1.0,-1.634764691448085,0.0,Transactional,0.0
U00001,U00001_S1,3.0,Sample user message for billing,Bot response for billing,billing,0.8728622525793528,469.58678226050927,1.0,-0.525121097666954,0.0,Informational,0.0
U00034,U00034_S1,4.0,Sample user message for billing,Bot response for billing,,0.9338793228296145,139.57785387184066,1.0,-1.6199335227372995,0.0,Informational,0.0
U00040,U00040_S1,5.0,Sample user message for technical_support,Bot response for technical_support,technical_support,0.7870421469904673,123.26136678665978,1.0,-0.3602863199331177,0.0,Support,0.0
U00031,U00031_S1,,Sample user message for billing,Bot response for billing,billing,0.6933246444515176,819.4608185068419,,-1.493643841000656,0.0,Informational,0.0
U00050,U00050_S1,7.0,Sample user message for general_info,Bot response for general_info,general_info,0.9622150763950503,412.23235620589594,1.0,-0.014035389320514348,0.0,Informational,0.0
U00036,U00036_S1,8.0,Sample user message for general_info,Bot response for general_info,general_info,0.8864826829124549,186.14475577802568,1.0,1.8970681716300732,0.0,Transactional,1.0
U00010,U00010_S1,1.0,Sample user message for technical_support,Bot response for technical_support,technical_support,0.628555161980905,234.08486991236848,0.0,-1.5353205882744165,0.0,Transactional,0.0
U00020,U00020_S1,2.0,Sample user message for general_info,Bot response for general_info,general_info,0.6203010423512492,385.2733396013724,1.0,1.5883722421219189,0.0,Support,0.0
U00016,U00016_S1,3.0,Sample user message for return,Bot response for return,return,0.678133614527386,136.710304812973,1.0,-0.8323126258052926,0.0,Support,0.0
U00043,,4.0,Sample user message for technical_support,Bot response for technical_support,technical_support,0.6356606142438236,521.6885078401016,0.0,0.7735042661197176,,Transactional,0.0
U00049,U00049_S1,5.0,Sample user message for return,Bot response for return,return,0.5141256009686156,203.08399583740362,1.0,-1.1383324468498908,0.0,Informational,0.0
U00034,U00034_S1,6.0,Sample user message for order_status,Bot response for order_status,order_status,0.7671996073812982,908.6464283714596,0.0,1.1724105202818955,0.0,Transactional,0.0
U00027,U00027_S1,7.0,Sample user message for return,,return,0.5106549653841105,399.5358122300176,,-0.5672929126906043,0.0,Informational,0.0
U00023,U00023_S1,8.0,Sample user message for technical_support,Bot response for technical_support,technical_support,0.8131971039023825,166.69778356133418,1.0,-0.02923139298393914,0.0,Transactional,1.0
U00018,U00018_S1,1.0,Sample user message for billing,Bot response for billing,billing,0.7587067508652968,293.8307830603509,1.0,-0.19588716462950734,0.0,Informational,0.0
U00004,U00004_S1,2.0,Sample user message for general_info,Bot response for general_info,general_info,0.8044758908384841,2502.984118022513,0.0,0.6431065262897147,0.0,Transactional,0.0
U00008,U00008_S1,3.0,Sample user message for technical_support,Bot response for technical_support,technical_support,0.8705581195773351,94.64914246266878,1.0,1.3381640859260078,0.0,Support,0.0
U00004,U00004_S1,4.0,Sample user message for technical_support,Bot response for technical_support,technical_support,0.807948045779649,460.312628912934,0.0,-2.030903595349658,0.0,Support,0.0
U00036,U00036_S1,5.0,Sample user message for order_status,Bot response for order_status,order_status,0.8713533758560902,372.8061324051353,1.0,-1.8212350527531245,0.0,Transactional,0.0
U00055,U00055_S1,6.0,Sample user message for billing,Bot response for billing,billing,0.8623778668186761,2061.077450628541,0.0,-1.1243367982783392,0.0,Transactional,0.0
U00024,U00024_S1,7.0,Sample user message for general_info,Bot response for general_info,general_info,0.848694995879955,1222.9293545850567,0.0,0.8513462695692366,0.0,Transactional,0.0
U00055,,8.0,Sample user message for return,Bot response for return,,0.7285455805596175,169.48357335895827,1.0,-0.7923623868201755,0.0,Informational,1.0
U00014,U00014_S1,1.0,Sample user message for technical_support,Bot response for technical_support,technical_support,0.6925785959413514,102.77636091427254,1.0,0.8716227478505734,0.0,Informational,0.0
U00036,U00036_S1,2.0,Sample user message for general_info,Bot response for general_info,general_info,0.8552046387985346,304.74614305024767,1.0,0.27924720524627267,0.0,Informational,0.0
U00008,U00008_S1,3.0,Sample user message for technical_support,Bot response for technical_support,technical_support,0.919091806532222,468.31882788499445,1.0,1.0493290004858211,0.0,Transactional,0.0
U00001,U00001_S1,4.0,Sample user message for billing,Bot response for billing,billing,0.9043566904909818,229.07420800593638,1.0,1.7985751540680357,,Support,0.0
U00020,U00020_S1,5.0,Sample user message for billing,Bot response for billing,billing,0.9317334441344582,728.9021139280756,0.0,-0.3379535802098776,0.0,Transactional,0.0
U00030,U00030_S1,6.0,Sample user message for technical_support,Bot response for technical_support,technical_support,0.8306999176702718,519.315155696251,1.0,0.5956513429608301,0.0,Support,0.0
U00060,U00060_S1,7.0,Sample user message for billing,Bot response for billing,billing,0.7686030205201652,708.202655508855,0.0,0.017056107830580945,1.0,Informational,0.0
U00010,U00010_S1,8.0,Sample user message for return,Bot response for return,return,0.7480952152302708,126.72452185512596,1.0,0.05960983097087536,0.0,Support,1.0
U00031,U00031_S1,1.0,Sample user message for order_status,Bot response for order_status,order_status,0.6968361769639487,538.3954112555172,1.0,-0.09564370934083466,0.0,Transactional,0.0
U00001,U00001_S1,2.0,Sample user message for return,Bot response for return,return,0.6506551635061212,274.4346975340235,1.0,-0.9295498610372575,0.0,Transactional,0.0
U00046,U00046_S1,3.0,Sample user message for return,Bot response for return,return,,306.3288115055699,1.0,0.3898152832856151,0.0,Support,0.0
U00053,U00053_S1,4.0,Sample user message for general_info,Bot response for general_info,general_info,0.7618625611318841,4097.624007591175,0.0,0.3985074518828568,0.0,Transactional,0.0
U00049,U00049_S1,5.0,Sample user message for return,Bot response for return,return,0.5786229614318638,360.6309745875934,1.0,-0.7975673519627148,0.0,Informational,0.0
U00049,U00049_S1,6.0,Sample user message for order_status,Bot response for order_status,order_status,0.8808302217771634,364.4685137664306,,0.5441277404597764,0.0,Support,0.0
U00033,U00033_S1,7.0,,Bot response for billing,billing,0.8754480575373567,245.40713566097796,1.0,-0.3760503854433979,0.0,Informational,0.0
U00060,U00060_S1,8.0,Sample user message for return,Bot response for return,return,0.6950184684845798,558.8699163584849,0.0,0.8082085985873385,1.0,Informational,1.0
U00009,U00009_S1,1.0,Sample user message for general_info,Bot response for general_info,general_info,0.8483750021702192,90.05238699893519,1.0,-1.412582476105169,0.0,Support,0.0
U00011,U00011_S1,2.0,Sample user message for order_status,Bot response for order_status,order_status,0.8864165682785228,1548.2779755138965,0.0,-3.1309949514963202,0.0,Support,0.0
U00003,U00003_S1,3.0,Sample user message for billing,Bot response for billing,billing,0.8722576119685154,488.3735281820112,1.0,0.05013486307023481,0.0,Support,0.0
U00013,U00013_S1,4.0,Sample user message for billing,Bot response for billing,billing,0.9509299636318193,,1.0,-1.0279471390377273,0.0,Informational,0.0
U00048,U00048_S1,5.0,Sample user message for billing,Bot response for billing,billing,0.9110529044781346,297.14402661720345,1.0,-0.17208950831454028,0.0,Informational,0.0
U00003,U00003_S1,6.0,Sample user message for technical_support,Bot response for technical_support,technical_support,0.5567182045906355,186.28727979640507,1.0,1.292070101609372,0.0,Support,0.0
U00012,U00012_S1,7.0,Sample user message for technical_support,Bot response for technical_support,technical_support,0.46115017835349464,106.04719674178325,1.0,0.37054764544591356,0.0,Informational,0.0
U00041,U00041_S1,8.0,Sample user message for return,Bot response for return,return,0.7610059421967921,150.4439100803577,1.0,-0.1543561228295436,0.0,Informational,1.0
U00010,U00010_S1,1.0,Sample user message for order_status,Bot response for order_status,order_status,0.5126365852558236,647.1870123106487,1.0,-0.3983358847934165,0.0,Informational,
U00047,U00047_S1,2.0,Sample user message for billing,Bot response for billing,billing,0.8354935982414792,166.24336698114232,1.0,0.9052706502333103,0.0,Support,0.0
U00033,U00033_S1,3.0,Sample user message for billing,Bot response for billing,billing,0.9594604777852546,348.820931686892,1.0,-0.8087734273403004,0.0,Informational,0.0
U00035,U00035_S1,4.0,Sample user message for return,Bot response for return,return,0.6767539924026168,234.21796496738293,1.0,-0.8937797805609712,0.0,Transactional,0.0
U00061,U00061_S1,5.0,Sample user message for billing,Bot response for billing,billing,0.8976458850387344,1073.0296705970009,0.0,0.6559725642114493,0.0,Support,0.0
U00023,U00023_S1,6.0,Sample user message for general_info,Bot response for general_info,general_info,0.5457694048368157,408.71865618326507,1.0,1.8450542921749633,0.0,,0.0
U00020,U00020_S1,7.0,,Bot response for technical_support,technical_support,0.6267607832515045,131.21769951144634,1.0,0.17579360113761971,0.0,Transactional,0.0
U00046,U00046_S1,8.0,Sample user message for general_info,Bot response for general_info,general_info,0.7039762060791347,553.8462845629138,0.0,0.2848556858776491,1.0,Informational,1.0
U00036,U00036_S1,1.0,Sample user message for general_info,Bot response for general_info,general_info,0.7303704560172453,573.2072402953568,0.0,0.8654530904512858,0.0,Informational,0.0
U00049,U00049_S1,2.0,Sample user message for billing,Bot response for billing,billing,0.5865726890091155,308.6591402405538,1.0,0.6944264638747367,0.0,Support,0.0
U00049,U00049_S1,3.0,Sample user message for order_status,Bot response for order_status,order_status,0.940636782099327,61.95725385493245,1.0,0.05213002471553354,0.0,Informational,0.0
U00062,U00062_S1,4.0,Sample user message for order_status,Bot response for order_status,order_status,0.7219993112666205,439.2357554886712,1.0,0.6136975275923466,0.0,Transactional,0.0
,U00007_S1,5.0,Sample user message for return,,return,0.8359494242664984,319.54840676289496,1.0,-0.8021847730040942,0.0,Transactional,0.0
U00058,U00058_S1,6.0,Sample user message for general_info,Bot response for general_info,general_info,0.9388891131514538,327.29917595205126,1.0,-0.6468280978370241,0.0,Informational,0.0
U00009,U00009_S1,7.0,Sample user message for billing,Bot response for billing,billing,,2154.5282387659104,0.0,1.0017098100072974,1.0,Transactional,0.0
U00016,U00016_S1,8.0,Sample user message for general_info,Bot response for general_info,general_info,0.7200555811562327,2024.3940533495309,0.0,-0.7147451257673463,0.0,Informational,1.0
U00041,U00041_S1,1.0,Sample user message for return,Bot response for return,return,0.8270551175650581,437.6743038604848,1.0,-0.43674580073710495,0.0,Transactional,0.0
U00022,U00022_S1,2.0,Sample user message for billing,Bot response for billing,billing,0.608144732226936,397.4254924852886,0.0,0.706354352436509,1.0,Support,0.0
U00022,U00022_S1,3.0,Sample user message for order_status,Bot response for order_status,order_status,0.752730721763471,174.63816420041448,1.0,-0.45041672964513907,0.0,Support,0.0
U00013,U00013_S1,,Sample user message for billing,Bot response for billing,billing,0.4546107545102813,1376.3279501110912,0.0,-0.6436400988524716,1.0,Informational,0.0
U00029,U00029_S1,5.0,Sample user message for technical_support,Bot response for technical_support,technical_support,0.6253366882346555,505.92538582991955,1.0,0.012008348558674452,0.0,Informational,0.0
U00006,U00006_S1,6.0,Sample user message for technical_support,Bot response for technical_support,technical_support,0.7989910245518842,127.84657564857467,1.0,-0.8142898029835037,0.0,Support,0.0
U00024,U00024_S1,7.0,Sample user message for billing,Bot response for billing,billing,0.9758764778412277,281.1251464280494,0.0,-0.16416593605944274,1.0,Informational,0.0
U00002,U00002_S1,8.0,Sample user message for technical_support,Bot response for technical_support,technical_support,0.5779822718270407,353.3954897349828,1.0,0.9661077704975222,0.0,Informational,1.0
U00026,U00026_S1,1.0,Sample user message for technical_support,Bot response for technical_support,technical_support,0.4733655099589687,100.929017855701,1.0,-1.3151429696505181,0.0,Informational,0.0
U00042,U00042_S1,2.0,Sample user message for order_status,Bot response for order_status,order_status,0.8480984139493201,455.4448100955014,0.0,2.018353030835652,1.0,Transactional,0.0
U00044,U00044_S1,3.0,Sample user message for technical_support,Bot response for technical_support,technical_support,0.6271733839840066,221.84629451608743,1.0,1.5252943888048653,0.0,Support,0.0
U00015,U00015_S1,4.0,Sample user message for billing,Bot response for billing,billing,0.8596410246548168,160.97254560890676,1.0,-2.3642479230973175,0.0,Transactional,0.0
U00040,U00040_S1,5.0,Sample user message for order_status,Bot response for order_status,order_status,0.7145977778354929,399.65971953133385,1.0,0.4672003182760972,0.0,Transactional,
U00059,U00059_S1,6.0,Sample user message for general_info,Bot response for general_info,general_info,0.7317704182481798,369.6327172915833,1.0,-0.28440688329742875,0.0,Support,0.0
U00019,U00019_S1,7.0,Sample user message for billing,Bot response for billing,billing,0.8767625662653852,1722.369993833882,0.0,1.0972332992227827,1.0,Support,0.0
U00033,U00033_S1,8.0,Sample user message for technical_support,Bot response for technical_support,technical_support,0.8863237377532265,158.61468799048833,1.0,0.33128154181416924,0.0,Informational,1.0
U00028,U00028_S1,1.0,Sample user message for order_status,Bot response for order_status,order_status,0.5164653327389807,625.0536910896159,0.0,-0.20573253203629074,0.0,Support,0.0
U00055,U00055_S1,,Sample user message for general_info,Bot response for general_info,general_info,0.7536522605462967,1303.9029710620289,0.0,-0.8243082894025007,0.0,Support,0.0
U00011,U00011_S1,3.0,Sample user message for return,Bot response for return,return,0.6299740139549338,319.9583754378489,1.0,-0.5093959937810767,0.0,Transactional,0.0
U00022,U00022_S1,4.0,Sample user message for technical_support,Bot response for technical_support,,0.830685635811555,433.2675664103511,1.0,-0.546286979879734,0.0,Informational,0.0
U00012,U00012_S1,5.0,Sample user message for return,Bot response for return,return,0.6775653164456458,208.91201423528295,1.0,,0.0,Transactional,0.0
U00008,U00008_S1,6.0,Sample user message for technical_support,Bot response for technical_support,technical_support,0.9287828290307608,139.77352997171235,0.0,-0.31055151049778995,0.0,Transactional,0.0
U00020,U00020_S1,7.0,Sample user message for billing,Bot response for billing,billing,0.9313911479431364,321.67807544020536,1.0,0.3540407564959374,0.0,,0.0
U00041,U00041_S1,8.0,Sample user message for technical_support,Bot response for technical_support,technical_support,0.9375535612022146,1070.37683937641,0.0,-1.8082061652861798,1.0,Informational,1.0
U00045,U00045_S1,1.0,Sample user message for technical_support,Bot response for technical_support,technical_support,0.8753692029245128,251.61266653001744,0.0,0.4634329066114215,0.0,Transactional,0.0
U00002,,2.0,Sample user message for technical_support,Bot response for technical_support,technical_support,0.8678894115007908,310.4984896800663,1.0,0.24403010609045497,0.0,Informational,0.0
U00017,U00017_S1,3.0,Sample user message for technical_support,Bot response for technical_support,technical_support,0.825691426803258,656.3449704624708,0.0,1.5461937608131362,1.0,Support,0.0
U00024,U00024_S1,4.0,Sample user message for order_status,Bot response for order_status,order_status,0.6834010359452725,313.52319635698524,1.0,-0.36974411860295964,0.0,Informational,0.0
U00017,U00017_S1,5.0,Sample user message for billing,Bot response for billing,billing,0.793415326879403,202.66233364423175,1.0,-0.30797387372002366,0.0,Transactional,0.0
U00026,U00026_S1,6.0,Sample user message for billing,Bot response for billing,billing,0.7611707672090359,192.5776514345784,1.0,-0.10956639587875606,0.0,Transactional,0.0
U00012,U00012_S1,7.0,Sample user message for general_info,Bot response for general_info,general_info,0.5201179344528976,987.8599161933547,0.0,0.4817079785911251,1.0,Support,0.0
U00050,U00050_S1,8.0,Sample user message for general_info,Bot response for general_info,general_info,0.8309951752484545,636.0461923364719,0.0,-1.2577069250851736,0.0,Transactional,1.0
U00049,U00049_S1,1.0,Sample user message for billing,Bot response for billing,billing,0.8404662814345537,347.12973433974616,,1.0964093617436426,0.0,Informational,0.0
U00017,U00017_S1,2.0,Sample user message for technical_support,Bot response for technical_support,technical_support,0.9168718093913977,1920.4870333178762,0.0,0.8847759941746727,0.0,Transactional,0.0
U00046,U00046_S1,3.0,Sample user message for order_status,Bot response for order_status,order_status,0.6517384115348929,413.2806439536635,0.0,1.3018874548662727,0.0,Support,0.0
U00061,U00061_S1,4.0,,Bot response for technical_support,technical_support,0.9343851137085261,492.3530084213603,1.0,-1.0457415504523142,0.0,Informational,0.0
U00057,U00057_S1,5.0,Sample user message for billing,Bot response for billing,billing,0.9015206575511683,461.43314062428044,1.0,-1.8920710332167299,0.0,Support,0.0
U00032,U00032_S1,6.0,Sample user message for return,Bot response for return,return,0.8414103169780245,739.6459002486538,0.0,-1.6495991223523883,0.0,Support,0.0
U00039,U00039_S1,7.0,Sample user message for technical_support,Bot response for technical_support,technical_support,0.93402341390558,346.30885417674466,1.0,1.0653638202229574,0.0,Support,0.0
U00006,U00006_S1,8.0,Sample user message for general_info,Bot response for general_info,general_info,0.4801053257207938,362.0880189758329,1.0,1.6062088536481256,0.0,Support,1.0
U00041,U00041_S1,1.0,Sample user message for billing,Bot response for billing,billing,0.7182124315769517,2434.0349791053923,0.0,-0.6738043767349654,0.0,Transactional,0.0
U00001,U00001_S1,2.0,Sample user message for general_info,Bot response for general_info,general_info,0.6905786416375351,162.98127049607734,1.0,-0.484870337681984,0.0,Support,0.0
U00003,U00003_S1,3.0,Sample user message for order_status,Bot response for order_status,order_status,0.5458618822156424,117.67492767309305,1.0,0.15316261645466447,0.0,Informational,0.0
U00008,U00008_S1,4.0,Sample user message for order_status,Bot response for order_status,order_status,0.9610442331602939,688.4271890719688,0.0,0.02644628804568708,0.0,Transactional,0.0
U00034,U00034_S1,5.0,Sample user message for return,Bot response for return,return,0.9392594360935096,198.67990426983712,1.0,-1.161492823583022,0.0,Transactional,0.0
U00041,U00041_S1,6.0,Sample user message for return,Bot response for return,return,0.8039852744313084,181.88328757254862,1.0,-1.7073740875426013,0.0,Transactional,0.0
U00018,U00018_S1,7.0,Sample user message for return,Bot response for return,return,0.9820598014894163,362.681509423676,1.0,-1.662809560375768,0.0,Informational,0.0
U00031,U00031_S1,8.0,Sample user message for billing,Bot response for billing,billing,0.8625900535753402,369.03535346847957,1.0,1.0710046070882324,0.0,Transactional,1.0
U00031,U00031_S1,1.0,Sample user message for return,Bot response for return,return,0.832366289815948,414.5371342276888,1.0,-1.1946080397540544,0.0,Transactional,0.0
U00011,U00011_S1,2.0,Sample user message for technical_support,Bot response for technical_support,technical_support,0.7899204558621583,436.2975734513125,1.0,0.22083870744142461,0.0,,0.0
U00007,U00007_S1,3.0,Sample user message for general_info,Bot response for general_info,general_info,0.9095645714381692,335.12483549415293,0.0,0.05147587589441589,0.0,Informational,0.0
U00039,U00039_S1,4.0,Sample user message for technical_support,Bot response for technical_support,technical_support,0.7687527967617488,399.5562702616372,1.0,1.1008004019364437,0.0,Support,0.0
U00011,U00011_S1,5.0,Sample user message for general_info,Bot response for general_info,general_info,0.8681538074789671,473.24229725245175,1.0,0.7269693270916927,0.0,Support,0.0
U00052,U00052_S1,6.0,Sample user message for general_info,Bot response for general_info,general_info,0.8932195633676223,396.66693889095967,1.0,-1.0401809095777441,0.0,Support,0.0
U00022,U00022_S1,7.0,Sample user message for billing,Bot response for billing,billing,0.6183575082337621,69.31738703749858,0.0,1.5695142982192307,0.0,Informational,0.0
U00054,,8.0,Sample user message for general_info,Bot response for general_info,general_info,0.818029256087978,256.32844924586504,1.0,0.9219902424544955,0.0,Transactional,1.0
U00002,U00002_S1,,Sample user message for order_status,Bot response for order_status,order_status,0.8066005477766736,321.8807813851049,1.0,0.363369555851527,0.0,Transactional,0.0
U00037,U00037_S1,2.0,Sample user message for general_info,Bot response for general_info,general_info,0.8441189262429291,435.69917664387384,1.0,-1.4684294398842352,0.0,Transactional,0.0
U00061,U00061_S1,3.0,Sample user message for technical_support,Bot response for technical_support,technical_support,0.8121466291334152,130.95096300866265,1.0,,0.0,Informational,0.0
U00027,U00027_S1,4.0,Sample user message for general_info,Bot response for general_info,general_info,0.8207960802634033,307.257307147481,1.0,1.6831955033048671,0.0,Support,0.0
U00011,,5.0,Sample user message for order_status,Bot response for order_status,order_status,0.5416110305396464,350.97782245234566,0.0,0.5819425304700063,0.0,Support,0.0
U00017,U00017_S1,6.0,Sample user message for return,Bot response for return,return,0.5964551423024999,844.5572645304621,0.0,-0.3467768290071235,0.0,Support,0.0
U00004,U00004_S1,7.0,Sample user message for technical_support,Bot response for technical_support,technical_support,0.8830413188576273,223.35461033440083,1.0,1.4887992907325631,0.0,Informational,0.0
U00003,U00003_S1,8.0,Sample user message for technical_support,Bot response for technical_support,technical_support,0.8785177503687732,210.74798625346608,1.0,-0.43702536841597567,0.0,Support,1.0
U00018,U00018_S1,1.0,Sample user message for technical_support,Bot response for technical_support,technical_support,0.927401390871597,209.32575170591437,1.0,0.6970369198244285,0.0,Support,0.0
U00041,U00041_S1,2.0,Sample user message for general_info,Bot response for general_info,general_info,0.8925712362091749,222.57774800865474,1.0,0.3922725452979722,0.0,Support,0.0
U00040,U00040_S1,3.0,Sample user message for billing,Bot response for billing,billing,0.9364681363124788,693.5036605656275,1.0,-2.2117475161650755,0.0,Informational,
U00060,U00060_S1,4.0,Sample user message for billing,Bot response for billing,billing,0.9674546211908278,541.1587176555998,0.0,-0.19574750163302504,0.0,Transactional,0.0
U00034,U00034_S1,5.0,Sample user message for return,Bot response for return,return,0.8096991764773852,490.71158537868274,1.0,-0.5005322569538534,0.0,Informational,0.0
U00041,U00041_S1,6.0,Sample user message for return,Bot response for return,return,0.8883022519276723,213.40034578018032,1.0,-0.3810719575091162,0.0,Informational,0.0
U00049,U00049_S1,7.0,Sample user message for order_status,Bot response for order_status,order_status,0.7761631267586997,1594.3781100325882,0.0,,0.0,Informational,0.0
U00041,U00041_S1,8.0,Sample user message for return,Bot response for return,return,0.6546810133440074,258.6505630113504,1.0,-0.7230181421046571,0.0,Transactional,1.0
U00036,,1.0,Sample user message for return,Bot response for return,return,0.9583851405637779,192.57370318849917,1.0,0.8668607868951166,0.0,Support,0.0
U00002,U00002_S1,2.0,Sample user message for general_info,Bot response for general_info,general_info,0.9267590020257348,304.65454316902554,1.0,0.29419153597507813,0.0,,0.0
U00037,U00037_S1,3.0,Sample user message for general_info,Bot response for general_info,general_info,0.7355152094850029,442.45619661829085,1.0,-0.5542409846495767,0.0,Support,0.0
U00049,U00049_S1,4.0,,Bot response for general_info,general_info,,89.10037600504177,1.0,0.6502074965015757,0.0,Support,0.0
U00011,,5.0,Sample user message for general_info,Bot response for general_info,general_info,0.5533995953212958,153.93589389649082,1.0,-0.34110114050395907,0.0,Support,0.0
U00004,,6.0,Sample user message for order_status,Bot response for order_status,order_status,0.8049330585519457,133.63756787473682,1.0,-2.4446194671557384,0.0,Informational,0.0
U00015,U00015_S1,7.0,Sample user message for return,Bot response for return,return,0.5413921594725825,741.3679304942222,1.0,0.4424407969583388,0.0,Informational,0.0
U00044,U00044_S1,8.0,Sample user message for return,Bot response for return,return,0.9240261567770212,907.3167405271618,0.0,,1.0,Transactional,1.0
U00038,U00038_S1,1.0,Sample user message for general_info,Bot response for general_info,general_info,0.9238342629426151,157.22269986608123,1.0,-0.4489990871551752,0.0,Informational,0.0
U00043,U00043_S1,2.0,Sample user message for billing,Bot response for billing,billing,0.791873000603651,572.0583404302769,1.0,0.9593358445565346,0.0,Support,0.0
U00022,U00022_S1,3.0,Sample user message for technical_support,Bot response for technical_support,technical_support,0.8055264967642551,341.3762635175391,0.0,-0.08290110533257694,0.0,Transactional,0.0
U00059,U00059_S1,4.0,Sample user message for technical_support,Bot response for technical_support,technical_support,0.7622303438108844,472.15160272800614,0.0,0.5151773593478841,0.0,Support,0.0
U00060,U00060_S1,5.0,Sample user message for general_info,Bot response for general_info,general_info,0.7356371962073301,115.85170282664777,1.0,1.1818940809160867,0.0,Informational,0.0
,U00030_S1,6.0,Sample user message for order_status,Bot response for order_status,order_status,0.7691499890470015,140.61589340281262,1.0,1.3057086476433284,0.0,Informational,0.0
U00001,U00001_S1,7.0,Sample user message for general_info,Bot response for general_info,general_info,0.56737591166098,168.49037220938595,1.0,-0.595694526246869,0.0,Support,0.0
U00017,U00017_S1,8.0,Sample user message for order_status,Bot response for order_status,order_status,0.7679167762738195,435.6435430508863,1.0,-1.4388940046621623,0.0,Informational,1.0
U00034,U00034_S1,1.0,Sample user message for general_info,Bot response for general_info,general_info,0.9446025020244978,753.7515004235504,0.0,0.19816568383820934,1.0,Transactional,0.0
U00046,U00046_S1,2.0,Sample user message for general_info,Bot response for general_info,general_info,0.7512687363840287,276.7655684638034,1.0,0.8517513960820159,,Transactional,0.0
U00035,U00035_S1,3.0,Sample user message for return,Bot response for return,return,0.8342494899397028,779.4869432615033,0.0,1.4271468356137929,0.0,Support,0.0
U00045,U00045_S1,,,Bot response for order_status,order_status,0.7976228942855044,347.6283205052157,1.0,-0.15608945575182717,0.0,Informational,0.0
U00039,U00039_S1,5.0,Sample user message for general_info,Bot response for general_info,general_info,,442.42226819252323,1.0,0.8416347974358754,0.0,Transactional,0.0
U00026,U00026_S1,6.0,Sample user message for technical_support,Bot response for technical_support,technical_support,0.6615055476004102,283.99140050723497,1.0,1.6563866283986783,0.0,Support,0.0
U00038,U00038_S1,7.0,Sample user message for billing,Bot response for billing,billing,0.7486142098636364,101.08010088192083,1.0,-0.34813982857199743,0.0,Informational,0.0
U00022,U00022_S1,8.0,Sample user message for billing,Bot response for billing,,0.8318939367206074,98.34097426661926,1.0,1.9100752954094877,0.0,Transactional,1.0
U00050,U00050_S1,1.0,Sample user message for billing,Bot response for billing,billing,0.7288719882095283,473.678917297208,1.0,-1.1554728034620938,0.0,Transactional,0.0
U00020,U00020_S1,2.0,Sample user message for general_info,Bot response for general_info,general_info,0.7883146869132657,926.2375875343573,0.0,-0.22667919025861902,0.0,Transactional,0.0
U00017,U00017_S1,3.0,Sample user message for billing,Bot response for billing,billing,0.9290352303481744,182.1243889882777,1.0,1.482940053877254,0.0,Informational,0.0
U00009,U00009_S1,4.0,Sample user message for general_info,Bot response for general_info,general_info,0.9472877420098542,211.01816828550702,1.0,-0.7566759287071264,,Informational,0.0
U00016,U00016_S1,5.0,Sample user message for technical_support,Bot response for technical_support,technical_support,0.7110291172205181,218.56207582153905,1.0,0.49424276960190794,0.0,Informational,0.0
U00027,U00027_S1,6.0,Sample user message for order_status,Bot response for order_status,order_status,0.7718101048188174,524.9778856181006,0.0,0.07178572133122908,0.0,Informational,0.0
U00044,U00044_S1,7.0,Sample user message for general_info,Bot response for general_info,,0.7562664528080056,211.32604563041969,0.0,0.39517982199634877,0.0,Informational,0.0
U00055,U00055_S1,8.0,Sample user message for return,Bot response for return,return,0.8943022401811551,852.4857398109158,1.0,0.4411360021481409,0.0,Informational,1.0
U00024,U00024_S1,1.0,Sample user message for order_status,Bot response for order_status,,0.9617921391148068,836.4638535343113,0.0,-0.23959227940570038,0.0,Informational,0.0
U00061,U00061_S1,2.0,Sample user message for general_info,Bot response for general_info,general_info,0.8862830076532818,288.27425472510805,1.0,1.5414640747455106,0.0,Transactional,0.0
U00058,U00058_S1,3.0,Sample user message for return,Bot response for return,return,0.8154393785224967,1425.7654248873025,,0.7430366029802971,0.0,Support,0.0
U00036,U00036_S1,4.0,Sample user message for billing,Bot response for billing,billing,0.9214025632875158,165.58952416827606,0.0,0.5669153015563426,0.0,Informational,0.0
U00045,U00045_S1,5.0,Sample user message for order_status,Bot response for order_status,order_status,0.49782410429626145,466.6392887594996,1.0,0.7456587115615844,0.0,Informational,0.0
U00033,U00033_S1,6.0,Sample user message for order_status,Bot response for order_status,order_status,,136.78068127142382,1.0,-0.37102833592634366,0.0,Transactional,0.0
U00056,U00056_S1,7.0,Sample user message for order_status,Bot response for order_status,order_status,0.9230575580310764,144.17096453904773,1.0,0.04545696136660103,0.0,Informational,0.0
U00048,U00048_S1,8.0,Sample user message for billing,Bot response for billing,billing,0.8406472674390034,1238.960506977739,,0.8285399557997484,,Informational,1.0
U00026,U00026_S1,1.0,,Bot response for return,return,0.7063451509261651,145.97476946657852,1.0,1.8719837824929075,0.0,Informational,0.0
U00024,U00024_S1,2.0,Sample user message for order_status,Bot response for order_status,order_status,,131.396047230047,1.0,-0.3191680893472572,0.0,Informational,0.0
U00060,U00060_S1,3.0,Sample user message for general_info,Bot response for general_info,general_info,0.5764454544276945,2576.4077297455065,0.0,1.1836128709006184,,Informational,0.0
U00004,,4.0,Sample user message for order_status,Bot response for order_status,order_status,0.69130128463743,429.07733088724,1.0,-1.1702696857956245,0.0,Support,0.0
U00003,U00003_S1,5.0,Sample user message for billing,Bot response for billing,billing,0.8006291207946994,138.488706668639,1.0,-1.560641609545505,0.0,Support,0.0
U00045,U00045_S1,6.0,Sample user message for order_status,Bot response for order_status,order_status,0.8566332884095686,,1.0,-0.34098950481265916,0.0,Support,0.0
U00028,U00028_S1,7.0,Sample user message for technical_support,Bot response for technical_support,technical_support,0.9398347368080262,229.93189248348327,1.0,-1.859474380016585,0.0,Informational,0.0
U00039,U00039_S1,8.0,Sample user message for return,Bot response for return,return,0.8191850093236019,1806.3129537339394,0.0,-1.4359671212561373,0.0,Support,1.0
U00010,U00010_S1,1.0,Sample user message for technical_support,Bot response for technical_support,technical_support,0.8504395845280871,221.4938446572946,1.0,0.2611593538603247,0.0,Transactional,0.0
U00037,U00037_S1,2.0,Sample user message for technical_support,Bot response for technical_support,technical_support,0.4308084315056214,471.9640896358362,0.0,-1.0322302204219624,0.0,Support,0.0
U00012,U00012_S1,3.0,Sample user message for technical_support,Bot response for technical_support,technical_support,0.7805232443251825,1019.4221728030004,0.0,1.9379232224871359,0.0,Transactional,0.0
U00038,U00038_S1,4.0,Sample user message for order_status,Bot response for order_status,order_status,,133.5026655476832,1.0,-0.0798291532485075,0.0,Informational,0.0
U00059,,5.0,Sample user message for order_status,Bot response for order_status,order_status,0.6132985510602298,348.7874575671718,1.0,0.2896608970985049,0.0,Support,0.0
U00015,U00015_S1,,Sample user message for order_status,Bot response for order_status,order_status,0.5357178418396648,127.39967454704282,1.0,1.4434738119321062,0.0,Informational,0.0
U00057,U00057_S1,7.0,Sample user message for billing,Bot response for billing,billing,0.9162350476441303,430.301902742108,0.0,0.4338248997129595,0.0,Support,0.0
U00042,U00042_S1,8.0,Sample user message for return,Bot response for return,return,0.8631416585395497,590.554061124325,0.0,0.6009955887833774,1.0,Informational,1.0
U00037,U00037_S1,1.0,Sample user message for billing,Bot response for billing,billing,0.9382176780055186,426.0778288215867,1.0,-1.2968113186047667,0.0,Support,0.0
U00054,U00054_S1,2.0,Sample user message for billing,Bot response for billing,billing,0.5765801529378726,235.74713671434478,1.0,-0.9130428951931346,0.0,Support,0.0
U00047,U00047_S1,3.0,Sample user message for technical_support,Bot response for technical_support,technical_support,0.9452960116134748,173.8167656265392,1.0,0.19980331243428556,0.0,Support,0.0
U00005,U00005_S1,4.0,Sample user message for general_info,Bot response for general_info,general_info,0.7750103712197078,138.68716081431842,1.0,1.0083231305156253,0.0,Informational,0.0
U00014,U00014_S1,,Sample user message for technical_support,Bot response for technical_support,technical_support,0.9490088419954785,,1.0,0.20094400715051258,0.0,,0.0
U00049,U00049_S1,6.0,Sample user message for technical_support,Bot response for technical_support,technical_support,0.7908172881940146,130.03044521465097,0.0,0.7259631825284084,0.0,Informational,0.0
U00003,U00003_S1,7.0,Sample user message for order_status,Bot response for order_status,order_status,0.6619529228369564,153.5785078978159,1.0,1.2418243340009545,0.0,Transactional,0.0
U00010,U00010_S1,8.0,Sample user message for order_status,Bot response for order_status,order_status,0.9839423436467742,144.93093252556454,1.0,-0.10155656932620559,0.0,Informational,1.0
,U00007_S1,1.0,Sample user message for billing,Bot response for billing,billing,0.7941501896345312,229.04133425860553,1.0,-0.42533009279247025,0.0,Transactional,0.0
U00036,U00036_S1,2.0,Sample user message for order_status,Bot response for order_status,order_status,0.6594431804168954,1312.58549548162,0.0,1.2985188855629195,0.0,Transactional,0.0
U00005,U00005_S1,,Sample user message for order_status,Bot response for order_status,order_status,0.8162766367716436,1254.8748973356262,0.0,,0.0,Informational,0.0
U00052,U00052_S1,4.0,Sample user message for order_status,Bot response for order_status,order_status,0.9154443096451369,178.45521151663306,1.0,0.3817485142175026,0.0,Support,0.0
,U00004_S1,5.0,Sample user message for billing,Bot response for billing,billing,0.900877880019334,1504.0199249748996,0.0,-1.02875147599291,0.0,Informational,0.0
U00037,U00037_S1,6.0,Sample user message for order_status,Bot response for order_status,order_status,0.8097705699532963,227.21109948087198,0.0,1.794037742008748,0.0,Informational,0.0
U00002,U00002_S1,7.0,Sample user message for order_status,Bot response for order_status,order_status,0.9113634831459925,76.32265193839085,1.0,0.40422704379375324,0.0,Transactional,0.0
U00001,U00001_S1,8.0,Sample user message for billing,,billing,0.9161570119083643,466.4555395012345,0.0,-0.8771678716802916,0.0,Transactional,1.0
U00043,U00043_S1,1.0,Sample user message for technical_support,Bot response for technical_support,technical_support,0.7476734870375706,,0.0,1.6940316137637177,0.0,Support,0.0
U00045,U00045_S1,2.0,Sample user message for billing,Bot response for billing,billing,0.8893792287232678,509.29337307029897,1.0,0.14973823714335013,0.0,Informational,0.0
U00003,U00003_S1,3.0,Sample user message for general_info,Bot response for general_info,general_info,0.7456535147193811,814.6790744931282,0.0,0.053939914089449176,0.0,Transactional,0.0
U00051,U00051_S1,4.0,Sample user message for billing,Bot response for billing,billing,0.722725089981293,105.571136800546,1.0,1.2847131117660688,0.0,Transactional,0.0
U00006,U00006_S1,5.0,Sample user message for return,Bot response for return,return,0.7541103783663853,1694.8604285367287,0.0,-0.3434958607465086,0.0,Informational,0.0
U00032,U00032_S1,6.0,Sample user message for technical_support,Bot response for technical_support,technical_support,0.9041572859076086,196.60142757962467,1.0,1.6788836260848485,0.0,Support,0.0
U00023,U00023_S1,7.0,Sample user message for general_info,Bot response for general_info,general_info,,971.7322942962646,0.0,0.5662051079910453,1.0,Informational,0.0
U00042,U00042_S1,8.0,Sample user message for billing,Bot response for billing,billing,0.8927797775486429,116.22628133055457,1.0,1.113650736066357,0.0,Support,1.0
U00001,U00001_S1,1.0,Sample user message for billing,Bot response for billing,billing,0.9766566712836119,224.10661049954027,1.0,0.7595424948673699,0.0,Informational,0.0
U00055,U00055_S1,2.0,Sample user message for order_status,Bot response for order_status,,0.6685436748939146,269.5822111894041,1.0,0.06896789313729326,0.0,Support,0.0
U00034,U00034_S1,3.0,Sample user message for return,Bot response for return,return,0.7614413076470148,2499.4303407889543,0.0,-0.42585523706678174,0.0,Informational,0.0
U00038,U00038_S1,4.0,Sample user message for billing,Bot response for billing,billing,0.9279799757833959,123.31136149656243,1.0,-1.3218071669856926,0.0,Support,0.0
U00024,U00024_S1,5.0,Sample user message for return,Bot response for return,return,0.7273904901885463,239.2516428037751,1.0,1.1030856323902796,0.0,Informational,0.0
U00038,U00038_S1,6.0,Sample user message for billing,Bot response for billing,billing,0.5296473551860625,171.17220615827515,1.0,-0.5178397089398517,0.0,Transactional,0.0
U00044,U00044_S1,7.0,Sample user message for return,Bot response for return,return,0.7639712664997055,518.3741476225941,0.0,-0.06732095494727246,0.0,Support,0.0
U00050,U00050_S1,8.0,Sample user message for order_status,Bot response for order_status,order_status,0.6852500952756122,223.3164471158426,1.0,0.6554751592846945,0.0,Support,1.0
U00040,U00040_S1,1.0,Sample user message for order_status,Bot response for order_status,order_status,0.8496578590708673,794.7464120967733,0.0,0.27682910764671165,0.0,Transactional,0.0
U00010,U00010_S1,2.0,Sample user message for technical_support,Bot response for technical_support,technical_support,0.9443384747710534,180.3525879500498,1.0,0.6927653362312742,0.0,Informational,0.0
U00057,U00057_S1,3.0,Sample user message for general_info,Bot response for general_info,general_info,0.9136507495480268,101.46617732697335,1.0,0.2770449477405156,0.0,Informational,0.0
U00029,U00029_S1,4.0,Sample user message for general_info,Bot response for general_info,general_info,0.5995447207537437,1308.919087255325,1.0,1.3990987924601754,0.0,Informational,0.0
U00013,U00013_S1,5.0,Sample user message for general_info,Bot response for general_info,general_info,0.6375458688881237,301.8160705419948,1.0,-0.5281330520540679,0.0,Transactional,0.0
U00010,U00010_S1,6.0,Sample user message for order_status,Bot response for order_status,order_status,0.8055737379986384,129.2161702839586,1.0,-1.3143236149774353,0.0,Support,0.0
U00025,U00025_S1,7.0,Sample user message for order_status,Bot response for order_status,order_status,0.8517382738094581,129.46605996200887,1.0,-0.08081166103284468,0.0,Informational,0.0
U00007,U00007_S1,8.0,Sample user message for technical_support,Bot response for technical_support,technical_support,0.908877152069084,134.41940257361375,1.0,1.5828145997351037,,Informational,1.0
U00023,U00023_S1,1.0,,Bot response for return,return,0.7746989857225735,246.27753113539606,1.0,-0.1396440236303349,0.0,Transactional,0.0
U00012,U00012_S1,2.0,Sample user message for technical_support,Bot response for technical_support,technical_support,0.7729747877607273,1277.6109371850519,0.0,0.5349619567778573,0.0,Support,0.0
U00010,U00010_S1,3.0,Sample user message for technical_support,Bot response for technical_support,technical_support,0.9825228326316764,1275.727096527964,0.0,-1.925633222798243,0.0,Transactional,0.0
U00054,U00054_S1,4.0,Sample user message for technical_support,Bot response for technical_support,technical_support,0.8457399816894148,530.229825677511,1.0,0.06867195370605006,0.0,Transactional,0.0
U00023,U00023_S1,5.0,Sample user message for order_status,Bot response for order_status,order_status,0.9153714644435813,233.9443175875055,1.0,-0.19457149766630366,0.0,Informational,0.0
U00055,U00055_S1,6.0,Sample user message for general_info,Bot response for general_info,general_info,0.5533237151132455,647.0179099279256,1.0,-0.06900687534601038,0.0,Support,0.0
U00047,U00047_S1,7.0,Sample user message for order_status,Bot response for order_status,order_status,0.7798104512097465,88.68906490482688,1.0,-0.49119126224111315,0.0,Informational,0.0
U00008,U00008_S1,8.0,Sample user message for technical_support,Bot response for technical_support,technical_support,0.7781941269999637,284.9208554952195,0.0,-0.7981401674693236,0.0,Support,1.0
U00028,U00028_S1,1.0,Sample user message for return,Bot response for return,return,0.7122919431121855,491.51977831540995,0.0,0.2613590588257152,0.0,Informational,0.0
U00060,U00060_S1,2.0,Sample user message for general_info,Bot response for general_info,general_info,0.9204938462314165,90.05829923408876,1.0,-1.328380161207523,0.0,Transactional,0.0
U00043,U00043_S1,3.0,Sample user message for general_info,Bot response for general_info,general_info,0.40394695445699325,251.16350467627623,1.0,1.6516402932140044,0.0,Support,0.0
U00029,U00029_S1,4.0,Sample user message for billing,Bot response for billing,billing,0.7955205889046805,173.02135865355194,1.0,-1.1464376069609996,0.0,Transactional,0.0
U00046,U00046_S1,5.0,Sample user message for billing,Bot response for billing,billing,0.7208266201572362,184.92092873455505,1.0,-1.603121475812463,0.0,Support,0.0
U00038,U00038_S1,6.0,Sample user message for general_info,Bot response for general_info,general_info,0.7048860169894945,246.74901855053238,1.0,0.1749380983127335,0.0,Transactional,0.0
U00044,U00044_S1,7.0,Sample user message for billing,Bot response for billing,billing,0.7789836211042539,1624.9161575450073,0.0,-0.05755957329911722,0.0,Support,
U00052,U00052_S1,8.0,Sample user message for general_info,Bot response for general_info,general_info,0.8883346648763835,144.6358203284471,1.0,-0.3143170404201,0.0,Informational,1.0
U00055,U00055_S1,1.0,Sample user message for technical_support,Bot response for technical_support,technical_support,0.6568891510781522,146.5783472872328,1.0,-1.4727231844764894,0.0,Transactional,0.0
U00006,U00006_S1,2.0,Sample user message for order_status,Bot response for order_status,order_status,0.9498557778299325,315.4937853146687,1.0,1.2647053487201152,0.0,Transactional,0.0
U00033,U00033_S1,3.0,Sample user message for technical_support,Bot response for technical_support,technical_support,0.641221774974518,264.1941832219819,1.0,,0.0,Support,0.0
U00010,U00010_S1,4.0,Sample user message for return,Bot response for return,return,0.9689010099995778,,0.0,1.1140979432310651,0.0,Informational,0.0
U00059,U00059_S1,5.0,Sample user message for billing,Bot response for billing,billing,0.619662977911232,1621.2959628389592,0.0,-0.6353933389895215,0.0,Support,0.0
U00027,U00027_S1,6.0,Sample user message for technical_support,Bot response for technical_support,technical_support,0.7518896704703731,306.8419148432211,1.0,-0.1611725248587668,0.0,Support,0.0
U00029,U00029_S1,7.0,Sample user message for order_status,Bot response for order_status,order_status,0.7944332291192031,383.77076814082267,1.0,-0.16185077026958275,0.0,Support,0.0
U00046,U00046_S1,8.0,Sample user message for return,Bot response for return,return,0.8279966592304308,192.0636287479187,1.0,-0.1388604360064891,0.0,Informational,1.0
U00058,U00058_S1,1.0,Sample user message for technical_support,Bot response for technical_support,technical_support,0.8462761893315325,186.6066129091742,0.0,1.073820855429861,0.0,Informational,0.0
,U00028_S1,2.0,Sample user message for technical_support,Bot response for technical_support,technical_support,0.7949538203926995,580.7479204380127,1.0,0.8942301091773592,,Transactional,0.0
U00062,U00062_S1,3.0,Sample user message for order_status,Bot response for order_status,order_status,0.8656451768123623,311.1898098496184,1.0,,0.0,Transactional,0.0
U00024,U00024_S1,4.0,Sample user message for order_status,Bot response for order_status,order_status,0.7701082812253852,508.98291273659584,0.0,-0.30305994274515646,1.0,Transactional,0.0
U00016,U00016_S1,5.0,Sample user message for billing,Bot response for billing,billing,0.6680355270055797,227.93669038446967,1.0,-1.209251716469879,0.0,Support,0.0
U00043,U00043_S1,6.0,Sample user message for general_info,Bot response for general_info,general_info,0.3474592062638453,591.1909062031789,1.0,-0.46688538514966493,0.0,Informational,0.0
U00042,U00042_S1,7.0,Sample user message for technical_support,Bot response for technical_support,technical_support,0.8771294091380513,197.40640995700716,1.0,-0.8095741939246918,0.0,Transactional,0.0
U00028,U00028_S1,8.0,Sample user message for general_info,Bot response for general_info,general_info,,613.2736460451822,1.0,-0.4607398355418999,0.0,Transactional,1.0
U00001,U00001_S1,1.0,Sample user message for return,Bot response for return,return,0.8973133484541006,189.52477594448249,1.0,0.6570858295966228,0.0,Support,
U00031,U00031_S1,2.0,Sample user message for billing,Bot response for billing,billing,0.8539363243346222,650.7780045115553,0.0,,0.0,Transactional,0.0
U00054,U00054_S1,3.0,Sample user message for general_info,Bot response for general_info,general_info,0.8137542336741365,421.5231677979824,1.0,-0.04839983133010329,0.0,Informational,0.0
U00055,U00055_S1,4.0,Sample user message for technical_support,Bot response for technical_support,technical_support,0.8913626785032471,218.2526810752402,1.0,-1.3507286336995987,0.0,Informational,0.0
U00014,U00014_S1,5.0,Sample user message for order_status,Bot response for order_status,order_status,0.825256138683524,192.6313203357452,1.0,0.621035803035476,0.0,Support,0.0
U00027,U00027_S1,6.0,Sample user message for general_info,Bot response for general_info,general_info,0.7600905153147889,309.0297722634722,1.0,-1.2737849722558146,0.0,Support,0.0
U00023,U00023_S1,7.0,Sample user message for billing,Bot response for billing,,0.36453751318054145,,0.0,,0.0,Support,0.0
U00051,U00051_S1,8.0,Sample user message for billing,Bot response for billing,billing,0.7078233379335822,1751.8188676784912,1.0,-0.06069672573233201,0.0,Informational,1.0
U00009,U00009_S1,1.0,Sample user message for billing,Bot response for billing,billing,0.9473570003558854,187.2812224092383,1.0,-0.7539036822790762,,Transactional,0.0
U00059,U00059_S1,2.0,Sample user message for general_info,Bot response for general_info,general_info,0.648226519490168,178.56881240756618,1.0,-0.2967048640159323,0.0,Informational,0.0
U00038,U00038_S1,3.0,Sample user message for technical_support,Bot response for technical_support,technical_support,0.8542775094057117,187.2116622758201,1.0,0.5235338527941987,,Informational,0.0
U00001,U00001_S1,4.0,Sample user message for technical_support,Bot response for technical_support,technical_support,0.6661948153426545,287.597604223138,0.0,2.047975080979876,0.0,Transactional,
U00044,U00044_S1,5.0,Sample user message for billing,Bot response for billing,billing,0.9524918177050928,238.0451333684753,1.0,0.0496455782056279,0.0,Support,0.0
U00004,U00004_S1,6.0,Sample user message for order_status,Bot response for order_status,order_status,0.6682146148396791,989.7237680197607,0.0,-0.11388869860328375,0.0,Informational,0.0
U00023,U00023_S1,7.0,Sample user message for general_info,Bot response for general_info,general_info,0.9418942850178815,167.4506054009573,1.0,0.670734008650816,0.0,Informational,0.0
U00052,U00052_S1,8.0,Sample user message for return,Bot response for return,return,0.6818795761481271,271.8011426777095,1.0,0.5381009505383194,0.0,Transactional,1.0
U00024,U00024_S1,1.0,Sample user message for general_info,Bot response for general_info,general_info,0.6175807362221829,386.42988155258814,,0.15035594735883379,0.0,Transactional,0.0
U00029,U00029_S1,2.0,Sample user message for billing,Bot response for billing,billing,0.8483511846579602,855.8908697759236,0.0,-0.33637552868078346,0.0,Informational,0.0
U00055,U00055_S1,3.0,Sample user message for technical_support,Bot response for technical_support,technical_support,0.9253843836952316,,1.0,-0.5267417872722234,0.0,Support,0.0
U00029,U00029_S1,4.0,Sample user message for billing,Bot response for billing,billing,0.34175579728054845,131.4826603756418,1.0,-1.436590591393962,0.0,Informational,0.0
U00049,U00049_S1,5.0,Sample user message for technical_support,Bot response for technical_support,technical_support,0.8824252133681633,126.93718591947139,1.0,0.7513253032058393,0.0,Support,0.0
U00001,U00001_S1,6.0,Sample user message for order_status,Bot response for order_status,order_status,0.5984757642198139,711.1912157579615,0.0,0.1811449616719689,1.0,Support,0.0
U00057,U00057_S1,7.0,Sample user message for billing,Bot response for billing,billing,0.6090528963711539,235.7512357650944,0.0,0.23290540458146705,0.0,Support,0.0
U00012,U00012_S1,8.0,Sample user message for general_info,Bot response for general_info,general_info,0.721917826245181,264.86080629108574,0.0,-0.1478117731532779,0.0,Support,1.0
U00049,U00049_S1,1.0,Sample user message for general_info,Bot response for general_info,general_info,0.9457278380239699,204.42073994747926,1.0,-0.10113703149137888,0.0,Informational,0.0
U00053,U00053_S1,2.0,Sample user message for billing,Bot response for billing,billing,0.8544162515550354,684.2314527184471,0.0,0.9795890763348069,0.0,Support,0.0
U00028,U00028_S1,3.0,Sample user message for general_info,Bot response for general_info,general_info,0.8718780698699852,396.14007258097917,0.0,,0.0,Informational,0.0
U00027,U00027_S1,4.0,Sample user message for technical_support,Bot response for technical_support,technical_support,0.8270027836693798,197.3734819585903,1.0,-1.0651650807416482,0.0,Support,0.0
