Participant_ID,Disability_Type,Assistive_Tech,Task_Name,Task_Success,Completion_Time_s,Error_Count,Error_Type,Keyboard_Presses,Cognitive_Load_Score,Satisfaction_Score,WCAG_Issue_Count
P0001,Motor,Voice_Control,Form_Submit,1.0,21.303022911508027,0.0,None,15.0,4.0,7.0,4.0
P0002,Cognitive,None,Search,1.0,46.177157808627186,3.0,Compatibility,15.0,4.0,6.0,3.0
P0003,Visual,Magnifier,Form_Submit,0.0,66.71342164418516,4.0,Compatibility,25.0,5.0,6.0,2.0
P0004,Cognitive,None,Form_Submit,1.0,40.112448040301445,3.0,Focus,17.0,4.0,7.0,4.0
P0005,Hearing,None,Navigation,1.0,258.3978447577475,2.0,Focus,18.0,4.0,5.0,4.0
P0006,Hearing,None,Search,1.0,156.28355136797694,4.0,Labeling,16.0,4.0,5.0,1.0
P0007,Visual,Screen_Reader,Checkout,0.0,230.40144347670554,0.0,None,29.0,4.0,5.0,1.0
P0008,Hearing,None,Search,1.0,42.641510698787485,0.0,None,18.0,5.0,5.0,2.0
P0009,Visual,Magnifier,,1.0,210.30762879616606,0.0,,14.0,3.0,5.0,
P0010,Cognitive,None,Checkout,1.0,54.22280160951202,3.0,Labeling,,4.0,7.0,0.0
P0011,Cognitive,None,Checkout,1.0,24.112180474272453,2.0,Compatibility,8.0,4.0,4.0,2.0
,Hearing,None,Checkout,0.0,66.94572552380147,4.0,Navigation,23.0,2.0,7.0,2.0
P0013,Cognitive,None,Form_Submit,1.0,108.33868439467031,0.0,None,13.0,3.0,6.0,2.0
P0014,Hearing,None,Navigation,1.0,270.448367202825,2.0,Navigation,18.0,4.0,6.0,1.0
P0015,Hearing,None,Search,1.0,164.08036385029467,0.0,None,17.0,5.0,6.0,1.0
P0016,Visual,Screen_Reader,Search,,90.04996685644217,2.0,,,4.0,5.0,3.0
P0017,Visual,Screen_Reader,Checkout,0.0,144.4370515432783,3.0,Labeling,26.0,2.0,5.0,2.0
P0018,Visual,Magnifier,Checkout,0.0,90.93572730215793,3.0,Focus,29.0,3.0,6.0,3.0
P0019,Cognitive,None,Checkout,1.0,167.5345210835458,2.0,Navigation,11.0,3.0,6.0,1.0
P0020,Cognitive,None,Form_Submit,1.0,75.03231249725255,2.0,Navigation,11.0,3.0,5.0,1.0
P0021,Visual,Magnifier,Checkout,1.0,105.20263452147447,0.0,None,19.0,3.0,4.0,2.0
P0022,Visual,Magnifier,Checkout,1.0,101.04488999509691,1.0,Labeling,17.0,3.0,7.0,2.0
,Motor,Voice_Control,Navigation,0.0,58.05482824121316,1.0,Focus,,3.0,6.0,2.0
P0024,Hearing,None,Navigation,1.0,51.31061937160267,0.0,None,14.0,2.0,7.0,3.0
P0025,Visual,Magnifier,Checkout,1.0,388.45553506559986,0.0,None,16.0,4.0,7.0,3.0
P0026,Hearing,None,Search,0.0,171.46098073587376,1.0,Navigation,25.0,4.0,6.0,3.0
P0027,Cognitive,,Form_Submit,1.0,74.08075360513217,0.0,None,,3.0,6.0,2.0
P0028,Cognitive,None,Checkout,1.0,51.90457638380987,4.0,Focus,15.0,2.0,5.0,0.0
P0029,Cognitive,None,Form_Submit,0.0,237.97628865407148,1.0,Compatibility,20.0,5.0,7.0,1.0
P0030,Motor,Voice_Control,Form_Submit,0.0,92.51021697881856,2.0,Navigation,20.0,3.0,5.0,0.0
P0031,Visual,,Navigation,0.0,76.07027830382701,0.0,None,26.0,5.0,6.0,1.0
P0032,Visual,Screen_Reader,Checkout,1.0,69.29984908714486,1.0,Labeling,21.0,1.0,6.0,2.0
P0033,Motor,Voice_Control,Navigation,0.0,47.199224485932035,0.0,None,28.0,3.0,5.0,1.0
P0034,Motor,Voice_Control,Search,1.0,77.55178907188748,0.0,None,11.0,5.0,7.0,2.0
P0035,Cognitive,None,Search,0.0,28.24477973516079,1.0,Focus,21.0,3.0,6.0,2.0
P0036,,Magnifier,,1.0,311.54315048944784,4.0,Focus,10.0,4.0,5.0,2.0
P0037,Visual,Screen_Reader,Form_Submit,1.0,9.531950194964432,3.0,Labeling,11.0,5.0,7.0,2.0
P0038,Cognitive,None,Search,1.0,574.0594032273438,0.0,None,14.0,4.0,5.0,1.0
P0039,Visual,Screen_Reader,Search,1.0,85.6827163436828,1.0,Focus,14.0,3.0,5.0,3.0
P0040,Motor,Voice_Control,Search,1.0,,1.0,Focus,14.0,4.0,6.0,1.0
P0041,Hearing,None,Search,1.0,118.46498421351757,3.0,Compatibility,10.0,4.0,6.0,4.0
P0042,Visual,Screen_Reader,Checkout,0.0,62.445954136379754,1.0,Compatibility,22.0,4.0,4.0,3.0
P0043,Hearing,None,Search,1.0,89.3784141034259,2.0,Focus,9.0,4.0,6.0,1.0
P0044,Motor,Keyboard_Only,Navigation,1.0,17.73146922923773,2.0,Focus,21.0,1.0,6.0,4.0
P0045,Motor,Keyboard_Only,Search,1.0,72.64917705632313,0.0,None,16.0,5.0,6.0,6.0
P0046,Motor,Voice_Control,Checkout,1.0,166.23510882494682,1.0,,24.0,2.0,5.0,2.0
P0047,Cognitive,None,Checkout,0.0,33.10836662040504,2.0,Focus,20.0,5.0,6.0,2.0
P0048,Hearing,None,Navigation,0.0,69.46502266273724,2.0,Navigation,27.0,1.0,6.0,3.0
P0049,Hearing,None,Checkout,1.0,37.954069042778634,1.0,Focus,16.0,5.0,6.0,0.0
P0050,Hearing,None,Checkout,1.0,173.39612159911323,0.0,None,14.0,5.0,5.0,1.0
P0051,Cognitive,None,Navigation,1.0,67.13947763960013,0.0,None,14.0,4.0,6.0,2.0
P0052,Hearing,None,Form_Submit,1.0,175.99689384498032,3.0,Focus,18.0,3.0,4.0,4.0
P0053,Cognitive,None,Checkout,1.0,51.26885305605085,0.0,None,14.0,2.0,6.0,2.0
P0054,Motor,Keyboard_Only,Search,1.0,89.34448720833059,4.0,Labeling,18.0,5.0,5.0,3.0
P0055,Cognitive,None,Search,1.0,205.60600074922007,3.0,Labeling,3.0,5.0,4.0,1.0
P0056,Cognitive,None,Checkout,1.0,410.05278224606434,2.0,Compatibility,13.0,3.0,5.0,2.0
P0057,Motor,Keyboard_Only,Form_Submit,0.0,54.44329947415375,2.0,Compatibility,20.0,4.0,6.0,
P0058,Cognitive,None,,1.0,120.96383902631851,3.0,Focus,17.0,4.0,5.0,2.0
P0059,Motor,Keyboard_Only,Checkout,0.0,101.26161069178158,3.0,,24.0,3.0,6.0,2.0
P0060,Visual,Magnifier,Navigation,0.0,55.8415090219547,7.0,Labeling,27.0,3.0,6.0,0.0
P0061,Visual,Screen_Reader,Navigation,0.0,98.8851582238598,3.0,Navigation,24.0,2.0,5.0,0.0
P0062,Hearing,None,Form_Submit,1.0,97.08781585452144,2.0,Labeling,23.0,4.0,6.0,3.0
P0063,Motor,Voice_Control,Checkout,1.0,118.76857884383386,4.0,Navigation,12.0,3.0,,2.0
P0064,Motor,,Form_Submit,0.0,103.33084975727448,1.0,Compatibility,42.0,5.0,6.0,2.0
P0065,Visual,Magnifier,Navigation,0.0,23.28946116243093,3.0,Labeling,27.0,1.0,7.0,3.0
P0066,Hearing,None,Checkout,1.0,67.09228965491866,0.0,None,12.0,3.0,4.0,4.0
P0067,Visual,Screen_Reader,Search,1.0,46.74247741295713,3.0,Navigation,16.0,4.0,7.0,1.0
P0068,Visual,Magnifier,Form_Submit,1.0,47.230749209555405,1.0,Compatibility,11.0,4.0,6.0,2.0
P0069,Hearing,None,Checkout,,61.643779600523175,4.0,Compatibility,12.0,2.0,6.0,0.0
P0070,Motor,,Checkout,1.0,31.959072330872072,0.0,None,21.0,4.0,7.0,2.0
P0071,Hearing,None,Checkout,1.0,342.6588113840528,0.0,None,10.0,2.0,6.0,0.0
,Motor,Keyboard_Only,Checkout,0.0,90.08077128370894,0.0,None,28.0,4.0,4.0,1.0
P0073,Hearing,None,Checkout,1.0,321.48310894726524,2.0,Navigation,16.0,4.0,7.0,0.0
P0074,Motor,Voice_Control,Form_Submit,1.0,18.37851603510708,0.0,None,17.0,3.0,6.0,0.0
P0075,Cognitive,None,Checkout,1.0,89.16892571753593,0.0,None,13.0,3.0,5.0,1.0
P0076,Hearing,None,Navigation,1.0,83.25665458014636,0.0,None,17.0,5.0,5.0,5.0
P0077,Motor,Voice_Control,Search,0.0,9.427490620876164,1.0,Navigation,25.0,5.0,5.0,3.0
P0078,Cognitive,None,Navigation,1.0,,4.0,Compatibility,22.0,4.0,5.0,4.0
P0079,Hearing,None,Checkout,1.0,43.90055150232203,0.0,None,9.0,4.0,6.0,2.0
P0080,Motor,Voice_Control,Navigation,1.0,233.95397232653698,1.0,Navigation,16.0,5.0,5.0,1.0
P0081,Cognitive,None,Form_Submit,1.0,181.38647496254262,1.0,Compatibility,16.0,4.0,5.0,3.0
P0082,Hearing,None,Form_Submit,1.0,78.54078477153561,5.0,Labeling,21.0,4.0,5.0,1.0
P0083,Cognitive,None,Form_Submit,0.0,129.0503499296274,0.0,None,29.0,4.0,6.0,0.0
P0084,Visual,,Search,1.0,51.29229896975783,0.0,None,11.0,3.0,4.0,4.0
P0085,Motor,Keyboard_Only,,0.0,106.65067860130998,1.0,Navigation,19.0,4.0,6.0,3.0
P0086,Motor,Keyboard_Only,Form_Submit,1.0,140.79115650542295,4.0,,14.0,1.0,5.0,1.0
P0087,Visual,Magnifier,Search,1.0,108.35820884107261,0.0,None,20.0,1.0,5.0,1.0
P0088,Cognitive,None,Form_Submit,0.0,52.72549981442749,1.0,Compatibility,29.0,4.0,6.0,3.0
P0089,Motor,Voice_Control,Checkout,0.0,79.2515438415608,4.0,Focus,21.0,3.0,4.0,0.0
P0090,Cognitive,None,Form_Submit,1.0,40.164446439259024,3.0,Focus,11.0,5.0,5.0,
P0091,Cognitive,None,Navigation,0.0,131.54360500005825,3.0,Focus,22.0,2.0,5.0,1.0
P0092,Cognitive,None,Checkout,0.0,55.089333943610356,0.0,None,28.0,3.0,4.0,6.0
P0093,Motor,Voice_Control,Checkout,0.0,137.22221960887538,1.0,Navigation,25.0,4.0,5.0,1.0
P0094,Cognitive,None,Checkout,1.0,160.526433261993,6.0,Focus,11.0,4.0,4.0,4.0
P0095,Motor,Voice_Control,Search,0.0,216.43514600090532,0.0,None,28.0,2.0,7.0,2.0
P0096,Motor,Voice_Control,Checkout,1.0,81.92369500223643,0.0,None,11.0,3.0,7.0,2.0
P0097,Hearing,None,Navigation,1.0,115.35625623492658,3.0,Navigation,9.0,5.0,6.0,3.0
P0098,Visual,Screen_Reader,Form_Submit,1.0,46.34857201196277,2.0,Compatibility,13.0,1.0,6.0,4.0
P0099,Motor,Keyboard_Only,Navigation,1.0,131.36372251684793,1.0,Focus,9.0,3.0,4.0,1.0
P0100,Visual,Screen_Reader,Form_Submit,1.0,31.688317180474765,0.0,None,14.0,3.0,5.0,0.0
P0101,Visual,Screen_Reader,Checkout,0.0,291.95655605690285,0.0,None,32.0,3.0,6.0,2.0
P0102,Hearing,None,Form_Submit,1.0,124.20455304910004,4.0,Compatibility,14.0,3.0,6.0,2.0
P0103,Hearing,None,Search,1.0,98.13705270146264,0.0,None,14.0,5.0,6.0,4.0
P0104,Hearing,None,Form_Submit,0.0,246.89440603341217,2.0,Focus,33.0,5.0,6.0,0.0
P0105,Visual,Screen_Reader,Form_Submit,1.0,201.12899623170264,1.0,Navigation,20.0,4.0,7.0,2.0
P0106,Hearing,None,Navigation,0.0,283.5693974935505,2.0,Compatibility,21.0,2.0,6.0,1.0
P0107,Cognitive,None,Navigation,1.0,140.14661974804065,4.0,Focus,16.0,1.0,5.0,3.0
P0108,Hearing,None,Navigation,1.0,199.96557879489652,0.0,None,16.0,1.0,5.0,1.0
P0109,Hearing,None,Navigation,0.0,342.68728742499127,2.0,Navigation,22.0,2.0,7.0,2.0
P0110,Visual,Screen_Reader,Form_Submit,1.0,37.53358302888081,0.0,None,7.0,3.0,7.0,3.0
P0111,Motor,Voice_Control,Form_Submit,0.0,56.495279016898465,2.0,Navigation,34.0,2.0,7.0,0.0
P0112,Cognitive,None,Form_Submit,1.0,261.73034456439393,5.0,Navigation,12.0,5.0,6.0,2.0
P0113,Hearing,None,Search,0.0,61.132319391088124,2.0,Focus,20.0,2.0,6.0,
P0114,Motor,Voice_Control,Search,1.0,198.82149475827725,2.0,Navigation,19.0,5.0,6.0,2.0
P0115,Motor,Keyboard_Only,Search,1.0,62.784883043494446,3.0,Labeling,16.0,4.0,4.0,2.0
P0116,Cognitive,None,Checkout,1.0,17.88534314501154,1.0,Focus,17.0,2.0,5.0,4.0
P0117,Motor,Voice_Control,Checkout,1.0,28.64470683408615,3.0,Labeling,14.0,5.0,7.0,2.0
P0118,Visual,Magnifier,Form_Submit,0.0,70.42151689898918,3.0,Labeling,29.0,3.0,7.0,3.0
P0119,Cognitive,None,Navigation,1.0,170.18810702936204,0.0,None,18.0,,,2.0
P0120,Visual,Screen_Reader,Checkout,1.0,90.45495666839076,0.0,None,17.0,2.0,6.0,3.0
P0121,Motor,Keyboard_Only,Search,1.0,577.2260397437936,2.0,Compatibility,15.0,3.0,6.0,2.0
,Motor,Voice_Control,Navigation,0.0,50.40365729439672,2.0,Focus,25.0,4.0,7.0,2.0
,Hearing,None,Checkout,0.0,29.512767456458565,4.0,Compatibility,21.0,4.0,7.0,3.0
P0124,Visual,Screen_Reader,Form_Submit,0.0,165.2669188187063,2.0,Compatibility,27.0,3.0,6.0,3.0
P0125,Cognitive,None,Form_Submit,1.0,41.25578429388026,4.0,Focus,10.0,2.0,5.0,2.0
P0126,Cognitive,None,Search,0.0,73.25658837970471,7.0,Navigation,17.0,4.0,6.0,1.0
P0127,Visual,Screen_Reader,Navigation,1.0,26.71874592673956,2.0,Labeling,18.0,4.0,5.0,3.0
P0128,Motor,Voice_Control,Form_Submit,0.0,84.87159830969165,0.0,None,36.0,4.0,6.0,1.0
P0129,Cognitive,None,Navigation,1.0,517.9667990443465,4.0,Focus,13.0,4.0,6.0,2.0
P0130,Visual,Screen_Reader,Navigation,0.0,57.89872260032414,0.0,None,23.0,1.0,7.0,1.0
P0131,Cognitive,None,Navigation,0.0,133.09228150183492,3.0,Labeling,31.0,2.0,7.0,1.0
P0132,Visual,Screen_Reader,Checkout,1.0,27.899574165932336,4.0,Labeling,20.0,5.0,5.0,2.0
,Visual,Screen_Reader,Form_Submit,1.0,82.39599627078216,1.0,Compatibility,14.0,5.0,6.0,2.0
P0134,Visual,Screen_Reader,Form_Submit,1.0,77.50508461178782,5.0,Focus,14.0,4.0,5.0,0.0
P0135,Cognitive,None,Checkout,0.0,310.357403638195,0.0,None,31.0,3.0,6.0,1.0
P0136,Visual,Screen_Reader,Form_Submit,0.0,76.40580646514876,1.0,Navigation,26.0,1.0,6.0,3.0
,Hearing,None,Navigation,0.0,65.61032157474945,1.0,Navigation,20.0,4.0,6.0,3.0
P0138,Cognitive,,Search,1.0,51.08985129921352,5.0,Navigation,15.0,4.0,4.0,0.0
P0139,Cognitive,None,Checkout,1.0,104.1360073239193,0.0,None,17.0,5.0,6.0,3.0
P0140,Hearing,None,Checkout,1.0,38.63263243207001,0.0,None,15.0,4.0,7.0,1.0
P0141,Motor,Keyboard_Only,Checkout,0.0,271.70190005920495,2.0,Labeling,19.0,2.0,6.0,0.0
P0142,Motor,Voice_Control,Checkout,1.0,108.9123863274935,0.0,None,14.0,4.0,7.0,1.0
P0143,Motor,Keyboard_Only,,1.0,64.7979842663502,0.0,None,23.0,4.0,7.0,2.0
P0144,Motor,Voice_Control,Checkout,1.0,96.87451260969766,3.0,Labeling,9.0,4.0,5.0,2.0
P0145,Cognitive,None,Navigation,0.0,78.6647270928105,4.0,Compatibility,21.0,1.0,6.0,3.0
P0146,Hearing,None,Navigation,1.0,23.758212030082806,1.0,Labeling,17.0,4.0,6.0,0.0
,Visual,Screen_Reader,Search,1.0,115.32045439908109,0.0,None,11.0,1.0,5.0,3.0
P0148,Hearing,None,Form_Submit,1.0,137.746691006439,3.0,Navigation,16.0,2.0,7.0,0.0
P0149,Motor,Voice_Control,Form_Submit,0.0,101.20453999693703,1.0,Navigation,21.0,4.0,5.0,3.0
P0150,Visual,Screen_Reader,Checkout,0.0,137.97915664425773,3.0,Labeling,20.0,5.0,7.0,1.0
P0151,Visual,Magnifier,Form_Submit,1.0,134.49164862616828,5.0,Navigation,18.0,4.0,6.0,4.0
P0152,Cognitive,None,Form_Submit,0.0,465.88489678792405,0.0,None,20.0,2.0,6.0,1.0
P0153,Cognitive,None,Search,1.0,100.11609811948432,0.0,None,17.0,4.0,4.0,1.0
P0154,Cognitive,None,Search,0.0,162.70008741267426,1.0,Focus,25.0,,5.0,3.0
P0155,Visual,Magnifier,Search,0.0,148.08727898854394,3.0,Labeling,22.0,3.0,5.0,0.0
P0156,Motor,Voice_Control,Search,1.0,66.63120479457994,0.0,None,8.0,4.0,6.0,2.0
P0157,Visual,Screen_Reader,Navigation,0.0,386.66320387465095,4.0,Compatibility,26.0,3.0,4.0,2.0
P0158,Cognitive,None,Navigation,0.0,28.6972499362324,3.0,Labeling,18.0,3.0,7.0,1.0
P0159,Cognitive,None,Form_Submit,1.0,77.75964383201276,0.0,None,8.0,4.0,5.0,0.0
P0160,Motor,Keyboard_Only,Form_Submit,1.0,77.61825415815798,1.0,Focus,19.0,1.0,6.0,3.0
P0161,Motor,Keyboard_Only,Checkout,0.0,187.27476311858885,6.0,Focus,21.0,3.0,6.0,2.0
P0162,Hearing,None,Checkout,0.0,145.07599017784352,0.0,None,29.0,4.0,5.0,3.0
P0163,Cognitive,None,Checkout,1.0,103.42028448102202,2.0,Compatibility,5.0,5.0,5.0,8.0
P0164,Cognitive,None,Navigation,1.0,68.17220290546197,3.0,Focus,24.0,3.0,6.0,0.0
P0165,Cognitive,None,Navigation,0.0,202.3063078192332,0.0,None,28.0,1.0,5.0,1.0
P0166,Motor,Keyboard_Only,Checkout,0.0,212.26990906535679,0.0,None,33.0,5.0,6.0,0.0
P0167,Motor,Voice_Control,Navigation,1.0,44.32455187159141,4.0,Compatibility,12.0,2.0,5.0,1.0
P0168,Cognitive,None,,1.0,47.10553103609231,1.0,Focus,,3.0,4.0,1.0
P0169,Motor,Keyboard_Only,Form_Submit,1.0,170.95231932711982,4.0,Focus,19.0,4.0,5.0,4.0
P0170,Motor,Voice_Control,Navigation,0.0,218.02587234624144,0.0,None,29.0,2.0,5.0,4.0
P0171,Cognitive,None,Search,1.0,19.59399166348215,0.0,None,15.0,3.0,6.0,4.0
P0172,Visual,Screen_Reader,Search,1.0,17.84073470781018,5.0,Labeling,13.0,3.0,7.0,2.0
P0173,Motor,Keyboard_Only,Search,0.0,91.09720937732519,2.0,Compatibility,25.0,3.0,4.0,1.0
P0174,Motor,Voice_Control,Navigation,0.0,205.66570493043548,4.0,Focus,31.0,5.0,5.0,4.0
P0175,Hearing,None,Navigation,1.0,100.85493772739252,3.0,Navigation,22.0,2.0,5.0,
P0176,Hearing,None,Navigation,0.0,621.9018776113156,2.0,Labeling,26.0,4.0,6.0,2.0
P0177,,None,Navigation,0.0,96.46641662778545,0.0,None,22.0,4.0,7.0,1.0
P0178,Hearing,None,Form_Submit,0.0,45.399596683423745,4.0,Navigation,21.0,3.0,7.0,5.0
P0179,Hearing,None,Checkout,1.0,105.70532746167504,2.0,Focus,19.0,1.0,6.0,2.0
P0180,Cognitive,None,Form_Submit,1.0,209.58952210015667,5.0,Labeling,13.0,5.0,6.0,
P0181,Visual,Magnifier,Search,0.0,246.77912470331083,0.0,None,28.0,3.0,7.0,1.0
P0182,Motor,Keyboard_Only,Search,1.0,89.83958108865191,4.0,Labeling,14.0,4.0,6.0,2.0
P0183,Visual,Magnifier,Checkout,0.0,35.43293545319446,0.0,None,14.0,4.0,6.0,1.0
P0184,Cognitive,None,Form_Submit,1.0,329.4634534797962,6.0,Navigation,15.0,3.0,5.0,3.0
P0185,Motor,Keyboard_Only,Navigation,0.0,18.00868728503436,0.0,None,25.0,4.0,,3.0
P0186,Visual,Screen_Reader,,1.0,115.45712576633005,4.0,Focus,18.0,5.0,6.0,0.0
P0187,Visual,Screen_Reader,Checkout,0.0,415.2946714350047,0.0,None,24.0,2.0,6.0,3.0
P0188,Motor,Voice_Control,Checkout,0.0,83.27687581662379,7.0,Focus,15.0,3.0,6.0,2.0
P0189,Cognitive,None,Navigation,1.0,46.788609899983854,3.0,Focus,17.0,3.0,6.0,2.0
P0190,Hearing,None,Checkout,1.0,459.7937611914148,1.0,Compatibility,9.0,2.0,4.0,1.0
P0191,Hearing,None,Navigation,1.0,213.98101713544827,2.0,Labeling,15.0,3.0,6.0,1.0
P0192,Cognitive,None,Checkout,1.0,53.59517196270244,0.0,None,18.0,5.0,6.0,2.0
P0193,Visual,Magnifier,Checkout,1.0,51.83442252339728,0.0,None,17.0,4.0,7.0,2.0
P0194,Hearing,None,Search,0.0,43.72536467070156,3.0,Focus,19.0,4.0,6.0,3.0
P0195,Cognitive,None,Form_Submit,0.0,50.77886920736589,1.0,Compatibility,30.0,2.0,4.0,1.0
P0196,Motor,Keyboard_Only,Navigation,0.0,98.64846395658364,4.0,Focus,24.0,1.0,6.0,2.0
P0197,Visual,Screen_Reader,Navigation,0.0,51.33032769237589,3.0,Focus,35.0,2.0,5.0,1.0
P0198,Hearing,None,Navigation,1.0,,2.0,Labeling,17.0,4.0,5.0,2.0
P0199,Hearing,None,Form_Submit,1.0,31.852858363557303,3.0,Labeling,13.0,4.0,6.0,3.0
P0200,Visual,Magnifier,Form_Submit,1.0,35.06467227723926,1.0,Focus,19.0,4.0,4.0,2.0
P0201,Cognitive,None,Form_Submit,1.0,69.80466427483724,1.0,Labeling,16.0,3.0,5.0,2.0
P0202,,Screen_Reader,Checkout,1.0,328.3143210771751,1.0,Navigation,25.0,3.0,5.0,1.0
P0203,Hearing,None,Checkout,0.0,69.13052956255027,0.0,None,26.0,4.0,4.0,1.0
P0204,Cognitive,None,Checkout,1.0,25.214404962245265,1.0,Labeling,15.0,1.0,4.0,3.0
P0205,Hearing,None,Navigation,0.0,283.0526134361405,2.0,Navigation,30.0,4.0,5.0,2.0
P0206,Cognitive,None,Search,1.0,49.55977769085575,3.0,Focus,22.0,3.0,7.0,1.0
P0207,Cognitive,None,Search,1.0,122.00025464484935,3.0,,15.0,4.0,6.0,1.0
P0208,Hearing,None,Checkout,1.0,61.18537178269608,0.0,None,19.0,5.0,5.0,1.0
P0209,Motor,Keyboard_Only,Search,1.0,148.5172524581055,2.0,Focus,13.0,3.0,4.0,1.0
P0210,Hearing,None,Navigation,1.0,55.00108756554231,0.0,None,14.0,4.0,5.0,1.0
P0211,Visual,Screen_Reader,Form_Submit,1.0,58.76633327835212,0.0,None,23.0,5.0,5.0,0.0
P0212,Visual,Screen_Reader,Checkout,1.0,72.00860891653733,4.0,Compatibility,,3.0,4.0,4.0
P0213,Hearing,None,Form_Submit,1.0,62.75562612647698,4.0,Focus,20.0,3.0,7.0,1.0
P0214,Cognitive,None,Navigation,0.0,175.48690179858173,1.0,Compatibility,25.0,4.0,6.0,2.0
P0215,Cognitive,None,Search,1.0,78.44891610263367,1.0,Compatibility,17.0,5.0,6.0,3.0
P0216,Hearing,None,Form_Submit,1.0,8.263843519074843,0.0,None,14.0,3.0,4.0,2.0
P0217,Motor,Keyboard_Only,Search,0.0,83.52952238690378,2.0,Compatibility,25.0,3.0,6.0,2.0
P0218,Motor,Keyboard_Only,Search,1.0,80.40882680972457,3.0,Navigation,15.0,3.0,5.0,2.0
P0219,Hearing,None,Form_Submit,1.0,46.55412176108061,5.0,Navigation,15.0,3.0,7.0,2.0
P0220,Hearing,None,Form_Submit,1.0,367.4226658015,2.0,Navigation,13.0,5.0,5.0,3.0
P0221,Hearing,None,Navigation,1.0,357.79587611415127,0.0,None,19.0,1.0,,1.0
P0222,Hearing,None,Checkout,1.0,75.4635642769216,1.0,Compatibility,21.0,2.0,6.0,3.0
P0223,Visual,Screen_Reader,Navigation,1.0,62.09230642626256,3.0,Navigation,13.0,4.0,7.0,4.0
P0224,Cognitive,None,Checkout,1.0,148.33432081983477,5.0,Compatibility,16.0,5.0,5.0,4.0
P0225,Hearing,None,Checkout,0.0,102.47157211949198,3.0,Focus,31.0,3.0,6.0,0.0
P0226,Motor,Voice_Control,Form_Submit,1.0,192.36079141879026,1.0,Navigation,20.0,4.0,5.0,5.0
P0227,Cognitive,None,Checkout,1.0,41.13579508780073,1.0,Compatibility,11.0,,7.0,8.0
P0228,,Magnifier,Navigation,1.0,42.149145189503976,0.0,None,14.0,3.0,6.0,3.0
P0229,Cognitive,None,Checkout,0.0,107.48615251170531,0.0,None,29.0,4.0,5.0,1.0
P0230,Visual,Screen_Reader,Form_Submit,0.0,76.10281016132905,4.0,Focus,23.0,1.0,6.0,3.0
P0231,Visual,Magnifier,Checkout,1.0,105.56348533627576,4.0,Navigation,11.0,1.0,6.0,1.0
P0232,Hearing,None,Search,0.0,53.80547262741305,2.0,Compatibility,25.0,3.0,7.0,1.0
P0233,Motor,Keyboard_Only,Navigation,0.0,132.807661357457,0.0,None,22.0,3.0,7.0,2.0
P0234,Cognitive,None,Navigation,0.0,46.22548662768684,6.0,Navigation,20.0,2.0,6.0,1.0
P0235,Visual,Screen_Reader,Search,1.0,60.81784863665623,3.0,Compatibility,15.0,4.0,5.0,0.0
P0236,Hearing,None,Checkout,0.0,22.251602877784475,3.0,Focus,26.0,4.0,7.0,4.0
P0237,Motor,Voice_Control,Checkout,1.0,47.38023976575671,6.0,Labeling,8.0,4.0,7.0,2.0
P0238,Visual,Magnifier,Form_Submit,0.0,26.305998850589127,1.0,Navigation,29.0,5.0,5.0,1.0
P0239,Hearing,None,Navigation,1.0,169.85022676332633,2.0,Compatibility,7.0,4.0,5.0,2.0
P0240,Cognitive,None,Checkout,1.0,235.05351311471378,0.0,None,13.0,1.0,6.0,1.0
P0241,Motor,Keyboard_Only,Search,0.0,19.18820247795925,2.0,Focus,27.0,5.0,6.0,4.0
P0242,Visual,Screen_Reader,Navigation,1.0,17.197911969329233,3.0,Compatibility,15.0,3.0,6.0,3.0
P0243,Hearing,None,Navigation,0.0,35.662878753645565,0.0,,22.0,1.0,5.0,2.0
P0244,Cognitive,None,Form_Submit,1.0,56.7627455889958,6.0,Compatibility,16.0,4.0,6.0,1.0
P0245,Visual,Screen_Reader,Form_Submit,0.0,147.92240435541555,1.0,Compatibility,,3.0,6.0,0.0
P0246,,Voice_Control,Search,1.0,142.00357491829692,0.0,None,14.0,1.0,4.0,1.0
P0247,Motor,Voice_Control,Search,1.0,184.1332891980895,5.0,Labeling,21.0,3.0,5.0,0.0
P0248,Motor,Voice_Control,Search,1.0,239.12819108452928,5.0,Focus,11.0,3.0,5.0,1.0
P0249,Motor,Voice_Control,Navigation,1.0,70.21938524507942,2.0,Navigation,,1.0,5.0,3.0
P0250,,None,Checkout,0.0,21.814887868815674,4.0,Navigation,32.0,5.0,6.0,5.0
P0251,Motor,Voice_Control,Navigation,1.0,22.317678995525966,1.0,Labeling,,2.0,6.0,3.0
P0252,Cognitive,None,Navigation,0.0,61.379111921507764,2.0,Labeling,30.0,5.0,6.0,4.0
P0253,Motor,Keyboard_Only,Form_Submit,1.0,49.01050185933185,0.0,None,9.0,4.0,5.0,1.0
P0254,Hearing,None,Navigation,0.0,39.462584588395444,2.0,Focus,32.0,4.0,6.0,1.0
P0255,Hearing,None,Form_Submit,0.0,66.04290053694584,0.0,None,19.0,3.0,5.0,0.0
P0256,Cognitive,None,Navigation,1.0,146.74274834347966,5.0,Navigation,20.0,3.0,7.0,0.0
P0257,Hearing,None,Navigation,0.0,208.1762056134403,8.0,Navigation,28.0,3.0,4.0,3.0
P0258,Motor,Keyboard_Only,Navigation,1.0,326.71203730964595,1.0,Compatibility,20.0,4.0,4.0,6.0
P0259,Hearing,None,Navigation,1.0,49.32739548470283,1.0,Labeling,16.0,2.0,7.0,1.0
P0260,,None,Navigation,0.0,29.79228869127963,0.0,,20.0,4.0,5.0,0.0
P0261,Hearing,None,Form_Submit,1.0,833.1859829448567,0.0,None,12.0,3.0,7.0,0.0
P0262,Hearing,None,Search,0.0,48.21200785817984,0.0,None,21.0,2.0,5.0,3.0
P0263,Hearing,None,Search,1.0,38.62258861615567,5.0,Focus,21.0,4.0,5.0,2.0
P0264,Hearing,None,Search,1.0,288.3608740814294,0.0,None,12.0,4.0,5.0,6.0
P0265,Cognitive,None,,0.0,167.1721583445426,4.0,Navigation,26.0,1.0,7.0,0.0
P0266,Cognitive,None,Search,1.0,45.556959613627264,4.0,Focus,13.0,4.0,6.0,2.0
P0267,Visual,Screen_Reader,Navigation,1.0,133.00613441939458,5.0,Compatibility,14.0,5.0,5.0,1.0
P0268,Cognitive,None,Navigation,1.0,54.9538145013135,1.0,Compatibility,20.0,,7.0,1.0
P0269,Cognitive,None,Form_Submit,1.0,218.60640468701905,2.0,Navigation,17.0,3.0,4.0,2.0
P0270,Cognitive,None,Search,1.0,111.63393707557655,2.0,Labeling,13.0,4.0,6.0,3.0
P0271,Cognitive,None,Search,0.0,55.3669480441016,0.0,None,24.0,2.0,7.0,2.0
P0272,Visual,Magnifier,Checkout,0.0,156.55139752380614,0.0,None,30.0,2.0,4.0,3.0
P0273,Visual,Magnifier,,0.0,465.0576358681681,3.0,Labeling,21.0,1.0,5.0,2.0
P0274,Motor,Keyboard_Only,Search,1.0,151.27866273859422,3.0,Compatibility,14.0,4.0,4.0,1.0
P0275,Visual,Magnifier,Navigation,1.0,49.09992537531066,0.0,None,,,7.0,2.0
P0276,Motor,Keyboard_Only,Search,1.0,63.15289364928867,3.0,Compatibility,18.0,3.0,6.0,2.0
P0277,Motor,Voice_Control,Checkout,0.0,41.381252292860154,4.0,Focus,30.0,4.0,5.0,1.0
P0278,Cognitive,None,Form_Submit,1.0,186.5698818670205,3.0,Compatibility,14.0,4.0,7.0,0.0
P0279,Visual,Screen_Reader,Navigation,0.0,89.2576618797672,0.0,None,23.0,2.0,5.0,1.0
P0280,Visual,Screen_Reader,Form_Submit,1.0,101.66393675456507,0.0,None,14.0,3.0,6.0,2.0
P0281,Visual,Magnifier,Checkout,0.0,346.1174321251769,4.0,Focus,32.0,2.0,7.0,2.0
P0282,Visual,Screen_Reader,Checkout,1.0,111.75860182868972,2.0,Focus,14.0,4.0,7.0,2.0
P0283,Cognitive,None,Form_Submit,1.0,162.68500812972525,0.0,None,13.0,5.0,7.0,3.0
P0284,Cognitive,None,Checkout,1.0,12.133108172217906,0.0,None,,4.0,5.0,1.0
P0285,Motor,Keyboard_Only,Checkout,1.0,112.51220503980322,3.0,Labeling,15.0,4.0,5.0,1.0
P0286,Motor,Voice_Control,Navigation,1.0,32.402537451185864,0.0,None,11.0,3.0,6.0,2.0
P0287,Visual,Screen_Reader,Form_Submit,1.0,176.48806770922425,7.0,Focus,18.0,2.0,6.0,0.0
P0288,Visual,Screen_Reader,Form_Submit,1.0,167.13870045780544,3.0,Labeling,15.0,4.0,5.0,1.0
P0289,Cognitive,None,Search,0.0,38.8346845039725,0.0,None,27.0,4.0,6.0,1.0
P0290,Visual,Screen_Reader,Checkout,1.0,42.486377351804464,0.0,None,22.0,2.0,7.0,5.0
P0291,Cognitive,None,Navigation,1.0,102.32476708037927,0.0,None,6.0,3.0,6.0,2.0
P0292,Hearing,None,Navigation,1.0,30.082386613042857,3.0,Compatibility,14.0,2.0,5.0,1.0
P0293,Visual,Magnifier,Navigation,0.0,19.366259994491855,2.0,Labeling,22.0,2.0,4.0,2.0
P0294,Motor,Keyboard_Only,Search,1.0,151.3408756757307,0.0,None,12.0,2.0,5.0,3.0
P0295,Visual,Screen_Reader,Search,0.0,147.9741679133263,0.0,None,43.0,2.0,7.0,2.0
P0296,Cognitive,None,Form_Submit,0.0,72.47200263676518,2.0,Compatibility,30.0,3.0,5.0,0.0
P0297,Visual,Screen_Reader,Search,1.0,,0.0,None,13.0,4.0,6.0,2.0
P0298,,None,Checkout,0.0,200.85222952825632,2.0,Labeling,24.0,4.0,5.0,0.0
P0299,Hearing,None,Checkout,1.0,44.63441375278748,4.0,Compatibility,18.0,5.0,5.0,1.0
P0300,Hearing,None,Navigation,1.0,,0.0,None,16.0,1.0,5.0,2.0
P0301,Visual,,Form_Submit,0.0,76.4985190878868,0.0,None,25.0,4.0,7.0,1.0
P0302,Motor,Keyboard_Only,Checkout,1.0,63.50428383846217,2.0,Focus,14.0,2.0,6.0,2.0
P0303,Hearing,None,Checkout,0.0,80.60204193634891,0.0,None,25.0,3.0,5.0,1.0
P0304,Cognitive,None,Search,0.0,181.1068304658986,0.0,None,37.0,5.0,5.0,3.0
P0305,Visual,Screen_Reader,Search,0.0,252.47766184411608,1.0,Focus,28.0,1.0,6.0,0.0
,Motor,Keyboard_Only,Navigation,0.0,168.49499959643532,2.0,Navigation,35.0,4.0,6.0,1.0
P0307,Hearing,None,Checkout,1.0,40.61785694391652,3.0,Compatibility,20.0,3.0,6.0,2.0
P0308,Cognitive,None,Navigation,1.0,17.089004247013943,1.0,Labeling,13.0,4.0,6.0,0.0
P0309,Cognitive,None,Checkout,1.0,44.319724832114844,1.0,Labeling,19.0,3.0,4.0,3.0
P0310,Cognitive,None,Navigation,0.0,86.11644756272204,1.0,Labeling,26.0,2.0,6.0,2.0
P0311,Motor,Voice_Control,Search,1.0,33.58574855704056,2.0,Labeling,23.0,3.0,5.0,3.0
P0312,Motor,Voice_Control,Navigation,0.0,48.367961583301664,3.0,Labeling,,5.0,7.0,2.0
P0313,Visual,Screen_Reader,Search,,58.412088972646075,2.0,Compatibility,22.0,5.0,5.0,1.0
P0314,Visual,Magnifier,Navigation,1.0,114.466700087804,0.0,None,13.0,2.0,5.0,3.0
P0315,Motor,Voice_Control,Search,0.0,38.0628418647917,3.0,Focus,29.0,3.0,5.0,0.0
P0316,Motor,Voice_Control,Search,1.0,163.46149080919932,3.0,Labeling,12.0,5.0,6.0,2.0
P0317,Visual,Magnifier,Form_Submit,0.0,98.96429508981085,0.0,None,28.0,3.0,5.0,1.0
P0318,Visual,Magnifier,Form_Submit,1.0,36.65938867926013,4.0,Labeling,13.0,4.0,5.0,2.0
P0319,Visual,Magnifier,Navigation,1.0,109.40251825443039,4.0,Labeling,18.0,5.0,7.0,6.0
P0320,Hearing,None,Form_Submit,0.0,71.42631471674603,1.0,Navigation,22.0,4.0,7.0,3.0
P0321,Hearing,None,Search,1.0,130.0123496934945,0.0,None,12.0,4.0,7.0,0.0
P0322,Cognitive,None,Form_Submit,1.0,38.81633121080493,0.0,None,19.0,4.0,5.0,
P0323,Motor,Voice_Control,Form_Submit,1.0,97.2606685966969,0.0,None,17.0,3.0,6.0,4.0
P0324,Visual,Magnifier,Navigation,0.0,91.88871090961187,1.0,Labeling,22.0,3.0,6.0,
P0325,Visual,Screen_Reader,Form_Submit,1.0,95.22109058199979,5.0,Labeling,15.0,3.0,5.0,3.0
P0326,Hearing,None,Form_Submit,1.0,287.49827991161806,1.0,Labeling,16.0,,6.0,0.0
P0327,Cognitive,None,Form_Submit,0.0,187.52536311062906,1.0,Navigation,,2.0,5.0,2.0
P0328,Cognitive,None,Search,0.0,221.34929345672666,2.0,Focus,31.0,2.0,6.0,4.0
P0329,Motor,Voice_Control,Search,1.0,40.5983724092014,2.0,Focus,15.0,4.0,4.0,2.0
P0330,Visual,,Form_Submit,1.0,45.57875383851732,1.0,Labeling,13.0,3.0,7.0,2.0
P0331,Cognitive,None,,1.0,100.79215512399814,5.0,Focus,,4.0,6.0,2.0
P0332,Motor,Keyboard_Only,Checkout,1.0,232.20965797520938,0.0,None,14.0,2.0,4.0,1.0
P0333,Motor,Voice_Control,Search,0.0,46.34971676723862,3.0,Labeling,17.0,2.0,6.0,0.0
P0334,Hearing,None,Checkout,1.0,34.5089926041342,3.0,Labeling,9.0,,4.0,1.0
P0335,Visual,Screen_Reader,Checkout,0.0,112.37998166461284,0.0,None,20.0,4.0,,4.0
P0336,Cognitive,None,Search,1.0,53.66664426801614,0.0,None,21.0,3.0,6.0,3.0
P0337,Visual,Screen_Reader,Navigation,0.0,25.99675237555079,1.0,Focus,20.0,4.0,6.0,2.0
P0338,Visual,Screen_Reader,Navigation,0.0,22.679624652584007,0.0,None,20.0,3.0,5.0,5.0
P0339,Cognitive,None,Search,0.0,34.385001067293864,,Navigation,22.0,4.0,5.0,1.0
P0340,Cognitive,None,Form_Submit,0.0,72.80084390336532,1.0,Navigation,21.0,3.0,7.0,4.0
P0341,Visual,Magnifier,Form_Submit,1.0,204.0257134126079,0.0,None,13.0,4.0,4.0,1.0
P0342,Motor,Keyboard_Only,Navigation,0.0,67.46647901051304,0.0,None,29.0,2.0,7.0,1.0
,Motor,Voice_Control,Form_Submit,1.0,38.08079194412212,2.0,Focus,16.0,1.0,5.0,2.0
P0344,Hearing,None,Checkout,1.0,176.32194193967177,0.0,None,19.0,5.0,7.0,1.0
P0345,Visual,Screen_Reader,Form_Submit,0.0,186.45092130410882,2.0,Compatibility,27.0,3.0,5.0,1.0
P0346,Visual,Magnifier,Checkout,1.0,43.468872259305684,1.0,Focus,11.0,3.0,6.0,1.0
P0347,Visual,Screen_Reader,Navigation,1.0,23.72263773936179,3.0,Focus,16.0,3.0,5.0,1.0
P0348,Cognitive,None,Navigation,1.0,94.02744735075488,2.0,Compatibility,11.0,3.0,5.0,1.0
P0349,Hearing,None,Navigation,1.0,160.4160161103255,0.0,None,17.0,2.0,7.0,
P0350,,Voice_Control,Form_Submit,1.0,75.49868375355709,0.0,None,13.0,3.0,5.0,0.0
P0351,Hearing,None,Search,1.0,102.330268292704,1.0,Focus,16.0,5.0,4.0,2.0
P0352,Cognitive,None,Search,1.0,136.70675195058635,1.0,Navigation,16.0,4.0,6.0,1.0
P0353,Motor,Keyboard_Only,Search,1.0,52.980916884042585,0.0,None,18.0,3.0,7.0,1.0
P0354,Motor,Keyboard_Only,Form_Submit,1.0,62.931686217968206,4.0,Navigation,15.0,2.0,7.0,1.0
P0355,Cognitive,None,Checkout,0.0,54.68647880131543,0.0,None,25.0,4.0,7.0,1.0
P0356,Motor,Voice_Control,Form_Submit,1.0,101.10400083912019,1.0,Compatibility,15.0,3.0,5.0,2.0
P0357,Motor,Voice_Control,Search,0.0,181.53966888381788,0.0,None,32.0,2.0,5.0,2.0
P0358,Cognitive,None,Checkout,1.0,267.83003166975175,0.0,None,14.0,3.0,5.0,0.0
P0359,Cognitive,None,Checkout,1.0,16.69183955882173,0.0,None,19.0,3.0,5.0,3.0
P0360,Hearing,None,Form_Submit,1.0,100.72831866794884,0.0,None,20.0,1.0,6.0,1.0
P0361,Hearing,None,Checkout,1.0,153.90993375046708,3.0,Compatibility,15.0,3.0,5.0,1.0
P0362,Cognitive,None,Checkout,0.0,64.53599457390055,5.0,Compatibility,20.0,5.0,6.0,0.0
P0363,Hearing,None,Navigation,0.0,190.0189827272199,8.0,Labeling,19.0,1.0,7.0,1.0
P0364,Cognitive,None,Search,1.0,212.98665379767556,,Labeling,14.0,4.0,6.0,2.0
P0365,Motor,Keyboard_Only,Navigation,1.0,126.45287231220928,1.0,Labeling,11.0,5.0,4.0,2.0
P0366,Hearing,None,Form_Submit,0.0,157.36400306044612,2.0,Labeling,22.0,3.0,6.0,0.0
P0367,Visual,Screen_Reader,Form_Submit,1.0,56.94738143924909,4.0,Navigation,17.0,,6.0,7.0
P0368,Motor,Voice_Control,Form_Submit,1.0,38.43155188467529,0.0,None,15.0,4.0,4.0,1.0
P0369,Motor,Keyboard_Only,Search,1.0,39.9365174950943,1.0,Compatibility,10.0,3.0,7.0,1.0
P0370,Cognitive,None,Search,0.0,27.672437720440364,3.0,Navigation,29.0,,6.0,3.0
P0371,Cognitive,None,Checkout,0.0,90.15065591247645,1.0,Compatibility,15.0,2.0,5.0,1.0
P0372,Hearing,None,Form_Submit,1.0,139.8325553313473,0.0,None,17.0,4.0,6.0,3.0
P0373,Visual,Magnifier,Form_Submit,0.0,176.65964935318422,2.0,Navigation,19.0,4.0,7.0,1.0
P0374,Hearing,None,Search,1.0,113.9592290207463,3.0,Labeling,9.0,4.0,7.0,1.0
P0375,Motor,Voice_Control,Checkout,1.0,161.44702959573493,3.0,Labeling,12.0,,6.0,2.0
P0376,Visual,,Search,1.0,43.41878029535403,0.0,None,9.0,4.0,5.0,2.0
P0377,Hearing,None,,1.0,673.1075840922555,2.0,Labeling,15.0,3.0,6.0,1.0
P0378,Cognitive,None,Form_Submit,1.0,62.26625276473575,0.0,None,14.0,3.0,5.0,4.0
P0379,Hearing,None,Navigation,1.0,50.05621041676709,2.0,Focus,14.0,1.0,6.0,2.0
P0380,Cognitive,None,Checkout,1.0,63.52441836010806,5.0,Compatibility,15.0,5.0,5.0,2.0
P0381,Hearing,None,Form_Submit,1.0,176.73440287228618,2.0,Navigation,22.0,5.0,6.0,0.0
P0382,Visual,Screen_Reader,Navigation,,212.21166665748245,3.0,Focus,19.0,1.0,7.0,1.0
P0383,Motor,Keyboard_Only,Navigation,0.0,120.31611949075918,1.0,Labeling,24.0,3.0,4.0,5.0
P0384,Cognitive,None,Checkout,1.0,104.45273210580882,0.0,None,15.0,3.0,6.0,2.0
P0385,Motor,Voice_Control,Search,1.0,126.94979340166432,4.0,,16.0,3.0,6.0,1.0
P0386,Hearing,None,Form_Submit,1.0,53.180727699785905,0.0,None,17.0,4.0,4.0,0.0
P0387,Motor,Voice_Control,Checkout,1.0,316.56711260873124,0.0,None,14.0,3.0,7.0,1.0
P0388,Hearing,None,Checkout,,167.51188626856106,1.0,Navigation,10.0,3.0,6.0,1.0
P0389,Visual,Screen_Reader,Search,1.0,295.0625750003733,0.0,None,10.0,3.0,6.0,5.0
P0390,Visual,Magnifier,Search,1.0,99.09827674091571,,Focus,16.0,4.0,5.0,2.0
P0391,Visual,Magnifier,Navigation,1.0,195.6401379634869,3.0,Focus,19.0,1.0,5.0,2.0
P0392,Hearing,None,Checkout,1.0,82.42773179293035,2.0,Labeling,17.0,5.0,6.0,2.0
P0393,Hearing,None,Checkout,0.0,362.56664650409493,4.0,Navigation,18.0,5.0,5.0,0.0
P0394,Cognitive,None,Form_Submit,1.0,39.720378182065524,3.0,Navigation,15.0,4.0,5.0,5.0
P0395,Motor,Voice_Control,Navigation,0.0,86.39339861953295,0.0,None,22.0,5.0,,2.0
P0396,Motor,Keyboard_Only,Search,1.0,143.12985722864707,0.0,None,16.0,5.0,5.0,1.0
P0397,Motor,Keyboard_Only,Form_Submit,0.0,59.8583155628616,0.0,None,33.0,3.0,7.0,2.0
P0398,Visual,Screen_Reader,Search,0.0,419.2866248085139,,Labeling,25.0,5.0,6.0,2.0
P0399,Motor,Voice_Control,Checkout,,45.13037310576674,3.0,Labeling,16.0,,7.0,2.0
P0400,Hearing,None,Navigation,1.0,71.80040156685814,1.0,Focus,13.0,4.0,5.0,0.0
P0401,Motor,Voice_Control,Form_Submit,0.0,12.57665635305559,0.0,None,32.0,2.0,4.0,3.0
P0402,Motor,Keyboard_Only,Form_Submit,0.0,280.7506429364984,3.0,Focus,30.0,3.0,6.0,5.0
P0403,Motor,Keyboard_Only,Form_Submit,1.0,116.38887567223055,2.0,Labeling,11.0,5.0,6.0,2.0
P0404,Cognitive,None,Checkout,1.0,46.89907279139499,1.0,Labeling,9.0,3.0,6.0,3.0
P0405,Cognitive,None,Checkout,1.0,86.16591073556881,3.0,Compatibility,19.0,4.0,7.0,0.0
P0406,Hearing,None,Search,1.0,22.08606962383506,3.0,Navigation,19.0,4.0,6.0,2.0
P0407,Hearing,None,Search,0.0,70.30112986031386,1.0,Compatibility,29.0,4.0,5.0,0.0
P0408,Motor,Voice_Control,Checkout,1.0,274.7504801766695,2.0,Focus,16.0,4.0,5.0,3.0
P0409,Visual,Screen_Reader,Search,1.0,144.00534341425876,6.0,Navigation,14.0,3.0,5.0,1.0
P0410,Cognitive,None,Navigation,1.0,52.54187298645232,0.0,None,16.0,3.0,5.0,3.0
P0411,Visual,Screen_Reader,Search,0.0,79.71819693609702,2.0,Focus,17.0,1.0,7.0,1.0
P0412,Visual,Magnifier,Navigation,0.0,188.49898990932536,1.0,Compatibility,32.0,4.0,6.0,4.0
P0413,Motor,Keyboard_Only,Search,0.0,110.59809688607214,2.0,Focus,25.0,3.0,5.0,3.0
P0414,Hearing,None,Navigation,1.0,49.267685590407694,1.0,Labeling,19.0,1.0,6.0,0.0
P0415,,None,Navigation,0.0,33.75846958486132,0.0,None,,4.0,6.0,1.0
P0416,Hearing,None,Form_Submit,0.0,110.6646598915631,0.0,None,22.0,5.0,5.0,3.0
P0417,Motor,Voice_Control,Form_Submit,1.0,84.45080054926883,2.0,Focus,20.0,4.0,6.0,2.0
P0418,Visual,Screen_Reader,Navigation,1.0,75.73920316744154,3.0,Compatibility,13.0,3.0,6.0,1.0
P0419,Cognitive,None,Navigation,0.0,60.36575161771846,4.0,Navigation,28.0,2.0,4.0,6.0
P0420,Visual,Screen_Reader,Form_Submit,1.0,258.8049130502412,0.0,None,18.0,4.0,7.0,0.0
P0421,Hearing,None,Navigation,0.0,93.77847877026437,0.0,None,18.0,3.0,5.0,1.0
P0422,Hearing,None,Form_Submit,1.0,127.9285928094578,1.0,Focus,13.0,2.0,6.0,4.0
P0423,Cognitive,None,Form_Submit,1.0,85.12468788757056,3.0,Navigation,15.0,4.0,7.0,1.0
P0424,Cognitive,None,Navigation,1.0,47.53022794117036,2.0,Labeling,12.0,4.0,7.0,2.0
P0425,Visual,Magnifier,Search,1.0,139.7271875105144,2.0,Labeling,12.0,4.0,5.0,1.0
P0426,Visual,Screen_Reader,Navigation,1.0,112.64397156089447,0.0,None,16.0,3.0,5.0,2.0
P0427,Cognitive,None,Navigation,1.0,,2.0,Navigation,15.0,3.0,6.0,2.0
P0428,Cognitive,None,Checkout,1.0,53.17099613195551,4.0,Focus,18.0,3.0,6.0,2.0
P0429,Motor,Keyboard_Only,Checkout,1.0,218.47105899688728,,Navigation,12.0,1.0,,7.0
P0430,Visual,Screen_Reader,Search,1.0,29.381160150640035,0.0,None,21.0,3.0,6.0,1.0
P0431,Cognitive,None,Checkout,0.0,96.4896483331213,4.0,Navigation,29.0,4.0,5.0,2.0
P0432,Hearing,None,Navigation,1.0,75.18386718968276,0.0,None,13.0,2.0,5.0,1.0
P0433,Hearing,None,Navigation,0.0,53.82108997097744,1.0,Labeling,30.0,1.0,5.0,0.0
P0434,Hearing,None,Navigation,0.0,210.73931495547168,1.0,Focus,27.0,3.0,7.0,4.0
P0435,Visual,Screen_Reader,Navigation,1.0,65.26369210948408,2.0,Labeling,,2.0,4.0,2.0
P0436,Cognitive,None,Navigation,1.0,64.47113274455563,1.0,Focus,11.0,3.0,7.0,3.0
P0437,Motor,Voice_Control,Checkout,1.0,181.83685861183034,3.0,Navigation,13.0,3.0,7.0,0.0
P0438,Visual,Screen_Reader,Navigation,1.0,74.37775092162002,1.0,Focus,13.0,3.0,6.0,2.0
P0439,Motor,Keyboard_Only,Form_Submit,1.0,19.691204908495052,0.0,None,16.0,4.0,6.0,1.0
P0440,Hearing,None,Checkout,0.0,31.768486418526553,0.0,None,18.0,4.0,5.0,2.0
,Visual,Screen_Reader,Search,0.0,31.291809377979654,1.0,Labeling,21.0,3.0,6.0,2.0
P0442,Visual,Screen_Reader,Search,0.0,69.18475245374893,2.0,Navigation,20.0,3.0,5.0,1.0
P0443,Cognitive,None,Search,1.0,92.33375325968262,0.0,None,20.0,2.0,5.0,1.0
P0444,Cognitive,None,Checkout,0.0,40.33410821556107,3.0,Focus,36.0,2.0,6.0,4.0
P0445,Hearing,None,Form_Submit,0.0,24.216940699940636,2.0,Compatibility,27.0,4.0,6.0,2.0
P0446,Motor,Voice_Control,Search,0.0,199.9657073179996,3.0,Focus,25.0,3.0,4.0,0.0
P0447,Cognitive,None,Navigation,1.0,24.428722236167644,5.0,Compatibility,20.0,4.0,4.0,2.0
P0448,Motor,Voice_Control,Form_Submit,0.0,141.51070710140493,5.0,Labeling,26.0,2.0,,3.0
P0449,Cognitive,None,Checkout,1.0,68.8523563006478,3.0,,11.0,2.0,5.0,1.0
P0450,Motor,Keyboard_Only,Navigation,1.0,354.42242132086625,0.0,None,16.0,5.0,7.0,1.0
P0451,Visual,Screen_Reader,Form_Submit,0.0,53.93304909011549,3.0,Focus,33.0,3.0,7.0,2.0
P0452,Hearing,,Form_Submit,0.0,110.64702725948032,0.0,None,14.0,4.0,5.0,
P0453,Hearing,None,Form_Submit,0.0,90.21426586963906,3.0,Focus,23.0,4.0,4.0,0.0
P0454,Visual,Magnifier,Search,0.0,78.64412249555684,0.0,None,20.0,4.0,7.0,2.0
P0455,Hearing,None,Navigation,1.0,21.283121699248284,1.0,,13.0,4.0,4.0,7.0
P0456,Motor,Voice_Control,Checkout,1.0,244.64806632286223,,Focus,16.0,3.0,7.0,1.0
P0457,Cognitive,None,Form_Submit,1.0,39.06281615407464,5.0,Compatibility,12.0,2.0,4.0,3.0
P0458,Motor,Voice_Control,Checkout,1.0,88.93596031327348,1.0,Navigation,14.0,3.0,5.0,2.0
P0459,Hearing,None,Search,1.0,21.524773022927924,0.0,None,9.0,4.0,6.0,3.0
P0460,Hearing,None,Search,0.0,71.37065904610164,3.0,Compatibility,23.0,3.0,6.0,0.0
P0461,Motor,Voice_Control,Checkout,0.0,70.19314070374466,4.0,Compatibility,27.0,1.0,7.0,4.0
P0462,Cognitive,None,Search,1.0,115.0030593320468,4.0,Labeling,14.0,3.0,6.0,2.0
P0463,Visual,Screen_Reader,Navigation,1.0,118.39653512751642,4.0,Compatibility,15.0,3.0,7.0,1.0
P0464,Motor,Voice_Control,Search,1.0,89.94726427008756,0.0,None,16.0,4.0,5.0,6.0
P0465,Hearing,None,Checkout,1.0,105.52363446725516,1.0,Compatibility,17.0,5.0,5.0,2.0
P0466,Motor,Voice_Control,Checkout,1.0,160.77998445383747,4.0,Focus,9.0,3.0,6.0,2.0
P0467,Cognitive,None,Search,0.0,84.19595712106666,6.0,Compatibility,23.0,4.0,6.0,1.0
P0468,Visual,Screen_Reader,Navigation,,40.690445578209136,0.0,None,31.0,3.0,6.0,0.0
P0469,Visual,Screen_Reader,Search,0.0,154.98876560527975,0.0,None,26.0,4.0,6.0,2.0
P0470,Hearing,None,Search,0.0,18.437110051066284,2.0,Compatibility,27.0,3.0,6.0,3.0
P0471,Motor,Voice_Control,Search,0.0,23.328283510071095,2.0,Compatibility,28.0,4.0,7.0,3.0
P0472,Cognitive,None,Navigation,0.0,126.33374565212299,0.0,None,19.0,3.0,4.0,0.0
P0473,Cognitive,None,Navigation,1.0,38.94608217329794,0.0,None,9.0,4.0,5.0,0.0
P0474,Visual,Screen_Reader,Form_Submit,0.0,49.79510418935206,0.0,None,24.0,3.0,4.0,
P0475,,None,Search,1.0,145.12469905051788,3.0,,16.0,4.0,4.0,
P0476,Cognitive,None,Navigation,1.0,89.37115153770841,3.0,Labeling,19.0,2.0,7.0,4.0
P0477,Cognitive,None,Checkout,1.0,173.65851245848052,0.0,None,13.0,4.0,5.0,3.0
P0478,Hearing,None,Checkout,0.0,35.1183181997637,0.0,None,24.0,3.0,6.0,2.0
P0479,Visual,Magnifier,Checkout,1.0,135.8995525866751,0.0,None,20.0,4.0,7.0,4.0
P0480,Cognitive,None,Form_Submit,1.0,514.3896771880084,4.0,Focus,21.0,3.0,4.0,2.0
P0481,Cognitive,None,Navigation,1.0,164.10652475207445,1.0,Focus,13.0,2.0,7.0,2.0
P0482,Cognitive,None,Checkout,,161.55029519834662,0.0,None,12.0,1.0,7.0,3.0
P0483,Hearing,None,Form_Submit,1.0,89.08176973406268,2.0,Focus,19.0,3.0,6.0,3.0
P0484,Visual,Screen_Reader,Search,1.0,24.81349119376504,2.0,Labeling,14.0,3.0,7.0,
P0485,Hearing,None,Checkout,0.0,43.553178391306616,1.0,Navigation,25.0,3.0,5.0,0.0
P0486,Hearing,None,Navigation,1.0,39.51556431899089,0.0,None,,,6.0,1.0
P0487,Cognitive,None,Search,1.0,48.99090383324855,3.0,Navigation,14.0,3.0,5.0,2.0
P0488,Hearing,None,,,76.9236962413701,3.0,Navigation,12.0,5.0,5.0,2.0
P0489,Cognitive,None,Checkout,0.0,94.28594979947555,0.0,None,37.0,4.0,6.0,3.0
P0490,Hearing,None,Checkout,1.0,56.465684550559686,3.0,Compatibility,17.0,4.0,7.0,0.0
P0491,Cognitive,None,Form_Submit,1.0,30.751006232288226,2.0,Focus,18.0,3.0,5.0,0.0
P0492,Cognitive,None,Search,1.0,102.76288781040589,3.0,Labeling,20.0,4.0,7.0,1.0
P0493,Hearing,None,Navigation,0.0,61.29151209372047,2.0,Navigation,21.0,2.0,5.0,3.0
P0494,Cognitive,None,Checkout,0.0,34.029540322454224,1.0,,30.0,2.0,5.0,3.0
P0495,Visual,Screen_Reader,Checkout,1.0,154.41610611683893,0.0,None,19.0,3.0,4.0,1.0
P0496,Visual,Screen_Reader,Checkout,0.0,290.69559827619344,0.0,None,17.0,4.0,5.0,6.0
P0497,Visual,Screen_Reader,Navigation,1.0,44.79448961600969,0.0,None,8.0,4.0,4.0,1.0
P0498,Hearing,None,Checkout,1.0,72.08982438915012,4.0,Labeling,14.0,3.0,4.0,1.0
P0499,Cognitive,None,Navigation,1.0,191.5074954319646,4.0,Navigation,17.0,5.0,6.0,2.0
P0500,Hearing,None,Form_Submit,0.0,64.27222002667256,2.0,Compatibility,29.0,2.0,6.0,1.0
P0501,Motor,Voice_Control,Checkout,0.0,161.99793355381757,0.0,None,24.0,5.0,7.0,3.0
P0502,Hearing,None,Navigation,1.0,82.76245258158055,1.0,Focus,13.0,4.0,5.0,0.0
P0503,Cognitive,None,Checkout,0.0,161.63699761479586,4.0,Focus,30.0,3.0,5.0,3.0
P0504,Cognitive,None,Checkout,1.0,53.082281784267835,0.0,None,16.0,3.0,7.0,1.0
P0505,Visual,Screen_Reader,Navigation,1.0,94.5275830042846,6.0,Compatibility,16.0,5.0,5.0,3.0
P0506,Visual,Screen_Reader,Form_Submit,1.0,34.71242137159017,3.0,Focus,16.0,4.0,6.0,3.0
P0507,Cognitive,None,Navigation,0.0,38.06660557498461,0.0,None,31.0,3.0,4.0,0.0
P0508,Visual,Magnifier,Checkout,1.0,43.9211068984502,0.0,None,16.0,2.0,,3.0
P0509,Hearing,None,Form_Submit,1.0,87.47704709371408,0.0,None,16.0,3.0,7.0,
P0510,Motor,Voice_Control,Navigation,0.0,190.66738555755813,4.0,Labeling,23.0,,5.0,3.0
P0511,Visual,Magnifier,Navigation,1.0,48.9360116344202,0.0,None,20.0,,6.0,1.0
P0512,Hearing,None,Form_Submit,1.0,45.96343881183745,0.0,None,20.0,3.0,5.0,1.0
P0513,Visual,Magnifier,Navigation,,65.39484329752563,5.0,Focus,10.0,4.0,6.0,2.0
P0514,Visual,Magnifier,Form_Submit,1.0,81.16928093994596,1.0,Compatibility,11.0,2.0,7.0,2.0
P0515,Visual,Magnifier,Checkout,0.0,96.33199224598059,4.0,Navigation,21.0,3.0,6.0,1.0
P0516,Hearing,None,Checkout,0.0,61.012207663026146,1.0,Navigation,20.0,3.0,7.0,1.0
P0517,Cognitive,None,Checkout,1.0,137.59232094472688,2.0,Labeling,22.0,4.0,4.0,0.0
P0518,Hearing,None,Navigation,1.0,160.01716437634377,0.0,None,13.0,5.0,7.0,4.0
P0519,Visual,Screen_Reader,Search,0.0,47.18402036432895,0.0,None,31.0,3.0,6.0,0.0
P0520,Motor,Keyboard_Only,Checkout,1.0,32.5751093964182,3.0,Navigation,25.0,5.0,6.0,1.0
P0521,Cognitive,None,Navigation,0.0,29.178416932685394,1.0,Focus,20.0,3.0,6.0,3.0
P0522,Visual,Screen_Reader,Form_Submit,,61.177501741686854,4.0,Compatibility,16.0,3.0,6.0,6.0
P0523,Cognitive,None,Checkout,1.0,40.291645451038335,2.0,Compatibility,12.0,4.0,5.0,2.0
P0524,Hearing,None,Navigation,0.0,102.72842341227255,4.0,Focus,28.0,3.0,6.0,6.0
P0525,Motor,Keyboard_Only,Search,1.0,377.2878236896198,2.0,Compatibility,19.0,4.0,7.0,3.0
P0526,Hearing,None,Navigation,1.0,22.565796026253867,3.0,Navigation,14.0,3.0,5.0,2.0
P0527,Motor,Voice_Control,Navigation,1.0,,0.0,None,15.0,3.0,4.0,3.0
P0528,Hearing,None,Search,1.0,109.36486124161162,3.0,Labeling,9.0,4.0,7.0,0.0
P0529,Motor,Keyboard_Only,Search,1.0,171.2277252319944,3.0,Compatibility,18.0,4.0,7.0,1.0
P0530,Visual,Screen_Reader,Form_Submit,1.0,34.004958470552225,2.0,Labeling,11.0,4.0,6.0,3.0
P0531,Cognitive,None,Checkout,,150.64039676652993,0.0,None,23.0,3.0,5.0,2.0
P0532,Visual,Screen_Reader,Search,0.0,78.93154525983223,3.0,Labeling,20.0,5.0,7.0,1.0
P0533,Motor,Voice_Control,Form_Submit,1.0,181.4475991874303,1.0,Labeling,15.0,4.0,6.0,4.0
P0534,Hearing,None,Search,0.0,75.10856743055304,0.0,None,36.0,,6.0,4.0
,Motor,Keyboard_Only,Form_Submit,0.0,15.177755589564637,4.0,Focus,32.0,2.0,6.0,3.0
,Visual,Screen_Reader,Form_Submit,1.0,131.35854907283374,2.0,Navigation,16.0,1.0,5.0,5.0
P0537,Hearing,None,Navigation,1.0,357.7340922134901,1.0,Focus,19.0,3.0,6.0,2.0
P0538,Visual,Screen_Reader,Search,1.0,127.31414090978657,0.0,None,11.0,3.0,5.0,2.0
P0539,Visual,Screen_Reader,Search,0.0,47.12665648744959,6.0,Navigation,22.0,3.0,6.0,2.0
,Motor,Voice_Control,Navigation,1.0,104.81953032337151,0.0,None,15.0,3.0,7.0,4.0
P0541,Visual,Screen_Reader,Navigation,1.0,55.623405844542816,3.0,Compatibility,22.0,3.0,7.0,2.0
P0542,Motor,Keyboard_Only,Navigation,1.0,39.88690704110393,1.0,Compatibility,18.0,3.0,6.0,2.0
P0543,Cognitive,None,Form_Submit,0.0,108.8024747126388,3.0,Labeling,22.0,3.0,7.0,2.0
P0544,Hearing,None,Navigation,0.0,95.10239559671368,0.0,None,26.0,4.0,7.0,2.0
P0545,Motor,Voice_Control,Checkout,1.0,268.60828145738657,2.0,Navigation,21.0,5.0,7.0,0.0
P0546,Cognitive,None,Search,0.0,41.95480298464123,0.0,None,26.0,3.0,4.0,1.0
P0547,Visual,Screen_Reader,Checkout,0.0,83.48437205763784,5.0,Focus,26.0,3.0,6.0,4.0
P0548,Visual,Screen_Reader,Navigation,1.0,111.55580653098488,2.0,Labeling,12.0,4.0,5.0,3.0
P0549,Motor,Keyboard_Only,Search,1.0,54.83748881294524,0.0,None,21.0,4.0,4.0,2.0
P0550,Cognitive,None,Search,1.0,37.69629760884402,4.0,Labeling,20.0,4.0,6.0,1.0
P0551,Hearing,None,Checkout,1.0,287.985233394549,4.0,Compatibility,15.0,3.0,6.0,0.0
P0552,Motor,Keyboard_Only,Search,0.0,23.6260282198971,0.0,None,28.0,2.0,5.0,3.0
P0553,Cognitive,None,Form_Submit,1.0,161.12665831863833,4.0,Focus,18.0,4.0,7.0,3.0
P0554,Motor,Keyboard_Only,Form_Submit,1.0,32.623209302329485,1.0,Navigation,10.0,4.0,6.0,1.0
P0555,Hearing,None,Search,1.0,38.35158461377506,0.0,None,23.0,2.0,6.0,4.0
P0556,Visual,Screen_Reader,Navigation,1.0,38.923154398663385,0.0,None,19.0,2.0,4.0,3.0
P0557,Motor,Voice_Control,Checkout,0.0,106.70686798904953,4.0,Labeling,27.0,3.0,5.0,3.0
P0558,Cognitive,None,Form_Submit,1.0,71.23054582039126,3.0,Labeling,16.0,2.0,6.0,5.0
P0559,Visual,Magnifier,Navigation,0.0,13.835917496942645,3.0,Navigation,29.0,1.0,6.0,1.0
P0560,Motor,Voice_Control,Navigation,1.0,36.306554705670585,2.0,Navigation,23.0,3.0,5.0,2.0
P0561,Motor,Keyboard_Only,Navigation,1.0,34.10513907903346,2.0,Compatibility,14.0,3.0,5.0,1.0
P0562,Hearing,None,Checkout,0.0,74.37868788778395,4.0,Focus,28.0,4.0,6.0,1.0
P0563,Hearing,None,Form_Submit,1.0,67.11057908879965,6.0,Labeling,16.0,4.0,7.0,1.0
P0564,Motor,Keyboard_Only,Search,1.0,279.7087408249985,0.0,None,14.0,5.0,7.0,2.0
P0565,Hearing,None,Form_Submit,1.0,150.26600428595336,2.0,Navigation,13.0,4.0,6.0,3.0
P0566,Visual,Screen_Reader,Navigation,0.0,92.92333176073191,3.0,Labeling,24.0,3.0,7.0,4.0
P0567,Hearing,None,Search,1.0,43.41754723678541,0.0,None,8.0,3.0,7.0,4.0
P0568,Motor,Keyboard_Only,Form_Submit,1.0,104.51797009073164,4.0,Labeling,8.0,3.0,6.0,2.0
P0569,Hearing,None,Checkout,0.0,30.480408557178084,2.0,Focus,27.0,4.0,4.0,1.0
P0570,Visual,Magnifier,Search,0.0,69.00842716755503,1.0,Labeling,20.0,2.0,4.0,4.0
P0571,Cognitive,None,Search,1.0,58.867531470429185,8.0,Focus,15.0,4.0,5.0,0.0
P0572,Motor,Voice_Control,Checkout,1.0,152.36385539213066,1.0,Compatibility,18.0,4.0,5.0,0.0
P0573,Cognitive,None,Checkout,0.0,11.199926314642859,0.0,None,22.0,5.0,7.0,0.0
P0574,Cognitive,None,Navigation,1.0,130.001712389438,,None,16.0,,6.0,1.0
P0575,Visual,Screen_Reader,Checkout,1.0,92.10164189007558,2.0,Navigation,19.0,1.0,5.0,0.0
P0576,Visual,Screen_Reader,Form_Submit,1.0,92.18512195941932,2.0,Focus,16.0,3.0,6.0,3.0
P0577,Visual,Magnifier,Search,0.0,83.31641817072146,2.0,Focus,27.0,3.0,4.0,4.0
P0578,Motor,Voice_Control,Form_Submit,0.0,40.24771347818148,2.0,Focus,16.0,4.0,6.0,3.0
P0579,Cognitive,None,Checkout,1.0,75.32772623759932,1.0,Navigation,16.0,2.0,6.0,1.0
P0580,Hearing,None,Navigation,1.0,40.8940954157228,0.0,None,9.0,3.0,,1.0
P0581,Hearing,None,Search,0.0,286.5830067915087,3.0,Compatibility,29.0,5.0,4.0,3.0
P0582,Cognitive,None,Form_Submit,1.0,180.24821392902075,1.0,Navigation,17.0,1.0,,3.0
P0583,Cognitive,None,Form_Submit,0.0,60.7074176410123,3.0,Compatibility,19.0,5.0,5.0,3.0
P0584,Cognitive,None,Form_Submit,0.0,147.94411003713907,0.0,None,14.0,2.0,5.0,3.0
P0585,Motor,Voice_Control,Search,1.0,95.58779893417915,1.0,Focus,17.0,4.0,7.0,4.0
P0586,Visual,Screen_Reader,Checkout,0.0,27.977458585735768,4.0,Navigation,27.0,2.0,6.0,1.0
P0587,Motor,Voice_Control,Form_Submit,1.0,37.74014924558554,0.0,None,17.0,3.0,6.0,0.0
P0588,Motor,Voice_Control,Form_Submit,0.0,202.1162748116002,0.0,None,18.0,,7.0,0.0
P0589,Cognitive,None,Search,1.0,511.60174112338865,4.0,Focus,14.0,3.0,4.0,1.0
P0590,Visual,Screen_Reader,Checkout,0.0,54.573398351316335,1.0,Focus,24.0,3.0,6.0,2.0
P0591,Cognitive,None,Navigation,1.0,177.85074519163902,3.0,Focus,19.0,2.0,6.0,
P0592,Motor,Keyboard_Only,Navigation,,203.16181002736127,2.0,Focus,16.0,5.0,7.0,5.0
P0593,Motor,Voice_Control,Form_Submit,1.0,59.17605301265701,2.0,Compatibility,11.0,2.0,5.0,1.0
P0594,Motor,Voice_Control,Search,0.0,76.35240080526246,0.0,None,34.0,4.0,6.0,4.0
P0595,Visual,,Navigation,0.0,166.03438308438143,0.0,None,30.0,3.0,4.0,4.0
P0596,Motor,Voice_Control,Navigation,1.0,103.48419309859929,1.0,Labeling,9.0,4.0,7.0,2.0
P0597,Visual,Screen_Reader,Form_Submit,1.0,58.40892478300511,2.0,Focus,19.0,4.0,6.0,0.0
P0598,Cognitive,None,Checkout,0.0,247.37232186997363,0.0,None,22.0,3.0,6.0,2.0
,Hearing,None,Search,0.0,56.79683460611513,0.0,None,24.0,4.0,4.0,3.0
P0600,Visual,Screen_Reader,Search,0.0,101.94452365580952,3.0,Focus,22.0,3.0,4.0,
P0601,Hearing,None,Search,0.0,48.16683726926319,0.0,None,24.0,3.0,6.0,6.0
P0602,Visual,Magnifier,Navigation,,,5.0,Compatibility,,5.0,6.0,6.0
P0603,Motor,Voice_Control,Navigation,1.0,203.66173777671122,1.0,Labeling,9.0,3.0,4.0,3.0
P0604,Hearing,None,Navigation,1.0,44.78104583001094,2.0,Focus,,2.0,5.0,3.0
P0605,Hearing,None,Checkout,1.0,40.17463414500843,2.0,Compatibility,19.0,5.0,5.0,4.0
P0606,Visual,Magnifier,Search,1.0,68.82531573593464,1.0,Navigation,19.0,3.0,5.0,3.0
P0607,Visual,Screen_Reader,Navigation,1.0,41.81991449252192,0.0,None,14.0,4.0,7.0,2.0
P0608,Motor,Keyboard_Only,Search,0.0,69.92120001694468,3.0,Compatibility,19.0,4.0,7.0,2.0
P0609,Motor,Voice_Control,Form_Submit,0.0,121.51867739379588,0.0,None,27.0,3.0,5.0,
P0610,Hearing,None,Navigation,1.0,85.98213341087555,0.0,None,13.0,3.0,4.0,2.0
P0611,Visual,Screen_Reader,Form_Submit,1.0,155.2439128780081,1.0,Navigation,21.0,4.0,5.0,2.0
P0612,Hearing,None,Navigation,0.0,76.87097630585342,2.0,Compatibility,26.0,5.0,7.0,6.0
P0613,Visual,Screen_Reader,Checkout,1.0,14.825038201824258,3.0,Compatibility,23.0,3.0,5.0,0.0
P0614,,None,Checkout,1.0,115.44831697023037,4.0,Navigation,17.0,4.0,4.0,0.0
P0615,Motor,Voice_Control,Navigation,1.0,76.26744626335488,1.0,Compatibility,16.0,5.0,5.0,3.0
P0616,Visual,Magnifier,Search,1.0,221.7896848892712,2.0,Compatibility,15.0,1.0,,3.0
P0617,Visual,Magnifier,Search,0.0,75.38327753914132,0.0,None,21.0,3.0,5.0,2.0
P0618,Visual,Screen_Reader,Navigation,1.0,108.5278027492194,4.0,Focus,13.0,2.0,7.0,4.0
P0619,Hearing,None,Navigation,0.0,141.98079777062483,0.0,None,26.0,4.0,6.0,2.0
P0620,Hearing,None,Search,1.0,59.66475692847659,4.0,Focus,10.0,5.0,6.0,4.0
P0621,Cognitive,None,Checkout,1.0,109.01874215687727,0.0,None,14.0,1.0,5.0,2.0
P0622,Visual,Screen_Reader,Form_Submit,1.0,50.84104233979306,2.0,Compatibility,19.0,3.0,6.0,3.0
P0623,Visual,Screen_Reader,Search,1.0,180.3666526768077,1.0,Labeling,14.0,2.0,5.0,1.0
P0624,Visual,Screen_Reader,Checkout,1.0,39.24588929415474,0.0,None,11.0,3.0,4.0,6.0
P0625,Visual,Screen_Reader,Checkout,0.0,60.99785583648526,5.0,Labeling,34.0,4.0,6.0,3.0
P0626,Visual,Screen_Reader,Form_Submit,1.0,121.93746190889233,5.0,Navigation,25.0,5.0,7.0,0.0
P0627,Visual,Screen_Reader,Form_Submit,1.0,80.11318643625938,1.0,Focus,14.0,2.0,6.0,4.0
P0628,Hearing,None,Navigation,1.0,153.35686023704886,0.0,None,19.0,4.0,6.0,2.0
P0629,Hearing,None,Navigation,1.0,33.864702086265154,0.0,None,12.0,4.0,4.0,3.0
P0630,Visual,Screen_Reader,Navigation,0.0,74.93381788118765,1.0,Focus,28.0,4.0,6.0,2.0
P0631,,None,Navigation,1.0,110.39542252938634,5.0,Labeling,13.0,4.0,6.0,1.0
P0632,Visual,Magnifier,Search,1.0,33.20116267963506,0.0,None,10.0,,6.0,5.0
P0633,Hearing,None,Checkout,0.0,199.7644390939967,4.0,Labeling,28.0,5.0,7.0,2.0
P0634,Motor,Keyboard_Only,Checkout,0.0,70.81346086563892,1.0,Navigation,25.0,2.0,7.0,2.0
P0635,Motor,Voice_Control,Navigation,1.0,17.762217606297142,1.0,Compatibility,20.0,3.0,6.0,3.0
P0636,Visual,Screen_Reader,Navigation,1.0,110.0945403635713,0.0,None,15.0,3.0,6.0,3.0
P0637,Hearing,None,Form_Submit,1.0,143.4067536707427,2.0,Navigation,15.0,2.0,5.0,3.0
P0638,Visual,Screen_Reader,,0.0,27.467881900383453,1.0,Compatibility,29.0,3.0,7.0,4.0
P0639,Visual,Screen_Reader,Checkout,1.0,62.0152870132819,0.0,None,19.0,2.0,6.0,1.0
P0640,Motor,Voice_Control,Navigation,1.0,103.32114921264709,1.0,Labeling,13.0,1.0,5.0,1.0
P0641,Hearing,None,Navigation,1.0,41.107336898558906,2.0,Compatibility,18.0,2.0,6.0,3.0
P0642,Hearing,None,Checkout,1.0,87.94097465876825,1.0,Focus,17.0,4.0,4.0,3.0
P0643,Cognitive,None,Search,1.0,53.866017392131255,0.0,None,19.0,2.0,7.0,3.0
P0644,Motor,Keyboard_Only,Form_Submit,0.0,78.71252622997856,2.0,Compatibility,14.0,4.0,7.0,0.0
P0645,Motor,Voice_Control,Checkout,1.0,109.91411821342444,5.0,Focus,18.0,4.0,6.0,3.0
P0646,Cognitive,None,Search,0.0,14.08209589239681,4.0,Compatibility,19.0,4.0,7.0,4.0
P0647,Motor,Voice_Control,Search,0.0,735.8582651803226,0.0,None,27.0,2.0,7.0,1.0
P0648,Visual,Screen_Reader,Form_Submit,0.0,120.97882672662107,2.0,Focus,28.0,3.0,6.0,1.0
P0649,Cognitive,None,Form_Submit,,69.19464057397943,0.0,None,11.0,4.0,7.0,1.0
P0650,Motor,Voice_Control,Search,1.0,24.516229148611124,2.0,Labeling,13.0,2.0,5.0,1.0
P0651,Hearing,None,Navigation,1.0,64.638505482429,0.0,,11.0,4.0,6.0,1.0
P0652,Hearing,None,Checkout,0.0,60.82506529434016,5.0,Navigation,28.0,3.0,5.0,1.0
P0653,Motor,Keyboard_Only,Search,1.0,89.07693125533157,0.0,None,15.0,4.0,5.0,3.0
P0654,Motor,Voice_Control,Checkout,0.0,59.21638848464643,0.0,None,30.0,3.0,6.0,5.0
P0655,Motor,Voice_Control,Form_Submit,1.0,141.73817736995022,2.0,Navigation,19.0,3.0,4.0,0.0
P0656,Cognitive,None,Navigation,1.0,263.2080937272956,4.0,Compatibility,16.0,4.0,6.0,2.0
P0657,Hearing,None,Form_Submit,1.0,93.01434635809686,0.0,None,12.0,4.0,6.0,3.0
P0658,Cognitive,None,Search,0.0,69.62462996755747,0.0,None,20.0,4.0,4.0,1.0
P0659,Cognitive,None,Form_Submit,1.0,160.58109648997814,1.0,Labeling,14.0,,7.0,3.0
P0660,Hearing,None,Form_Submit,0.0,34.64192977168689,0.0,None,33.0,3.0,6.0,0.0
P0661,Visual,Screen_Reader,Search,1.0,87.391284669946,1.0,Labeling,13.0,3.0,6.0,0.0
P0662,Hearing,None,Form_Submit,0.0,61.076142334461224,0.0,None,23.0,4.0,5.0,4.0
P0663,Motor,Keyboard_Only,Form_Submit,0.0,207.5632985298302,2.0,Labeling,33.0,5.0,,2.0
P0664,Motor,Voice_Control,Form_Submit,1.0,58.05265487309694,4.0,Focus,14.0,1.0,5.0,4.0
P0665,Visual,Magnifier,Navigation,0.0,91.15066800080209,0.0,None,28.0,1.0,5.0,3.0
P0666,Cognitive,None,Checkout,0.0,109.22368273707734,3.0,Labeling,27.0,5.0,6.0,2.0
P0667,Visual,Screen_Reader,Search,1.0,42.37805972324573,0.0,None,13.0,4.0,6.0,2.0
P0668,Motor,Keyboard_Only,Search,1.0,142.52179635150165,2.0,Compatibility,10.0,2.0,5.0,2.0
P0669,Motor,Keyboard_Only,Navigation,1.0,215.29084922912938,2.0,Focus,16.0,2.0,6.0,1.0
P0670,Hearing,None,Search,0.0,64.92135152968912,1.0,Compatibility,21.0,5.0,7.0,1.0
P0671,Visual,Screen_Reader,Search,1.0,139.99202746822795,0.0,None,17.0,5.0,6.0,3.0
P0672,Hearing,None,Navigation,0.0,93.15269986033307,2.0,Compatibility,27.0,3.0,5.0,2.0
P0673,Visual,Screen_Reader,Search,1.0,106.76229611485832,4.0,Focus,15.0,3.0,,0.0
P0674,Motor,Voice_Control,Checkout,1.0,208.50224423516278,4.0,Labeling,12.0,4.0,6.0,4.0
P0675,Visual,Screen_Reader,Search,0.0,40.62310002951659,0.0,None,22.0,3.0,6.0,3.0
P0676,Motor,Voice_Control,Search,1.0,187.35447404717308,2.0,Navigation,16.0,4.0,5.0,3.0
P0677,Hearing,None,Checkout,0.0,105.55482283776877,4.0,Navigation,25.0,3.0,6.0,3.0
P0678,Hearing,None,Checkout,0.0,52.56720962975206,0.0,None,25.0,2.0,4.0,3.0
P0679,Motor,Voice_Control,Navigation,1.0,91.53278917645173,1.0,Labeling,8.0,4.0,7.0,2.0
P0680,Cognitive,None,Checkout,0.0,51.333971741289716,4.0,Compatibility,26.0,2.0,6.0,1.0
P0681,Hearing,None,Navigation,1.0,22.77956665109648,4.0,Navigation,16.0,2.0,4.0,0.0
P0682,Motor,Keyboard_Only,Checkout,1.0,59.36309131864623,3.0,Compatibility,12.0,4.0,7.0,1.0
P0683,Visual,Magnifier,Form_Submit,0.0,41.16758080748469,5.0,Navigation,25.0,4.0,5.0,4.0
P0684,Hearing,None,Navigation,1.0,174.3415446328193,0.0,None,11.0,3.0,5.0,0.0
P0685,Visual,Screen_Reader,Search,0.0,81.37534857914358,0.0,None,31.0,3.0,5.0,2.0
,Cognitive,None,Checkout,1.0,47.73153631564665,4.0,Compatibility,22.0,5.0,5.0,3.0
P0687,Motor,Keyboard_Only,Checkout,1.0,21.66549611140755,2.0,Navigation,18.0,2.0,7.0,3.0
P0688,Visual,Screen_Reader,Form_Submit,1.0,213.165828939206,2.0,Compatibility,13.0,5.0,5.0,1.0
P0689,Hearing,None,Form_Submit,0.0,215.86267345662128,1.0,Focus,24.0,3.0,,1.0
P0690,Cognitive,None,,0.0,,4.0,Navigation,25.0,2.0,4.0,3.0
P0691,Motor,Voice_Control,Search,0.0,98.72568966115688,1.0,Labeling,18.0,2.0,7.0,5.0
P0692,Motor,Voice_Control,Search,1.0,70.41798725220899,4.0,Labeling,11.0,5.0,4.0,3.0
P0693,Motor,Keyboard_Only,Navigation,1.0,44.3004161726445,3.0,Compatibility,17.0,4.0,7.0,4.0
P0694,Visual,Screen_Reader,Navigation,1.0,63.25260612273492,3.0,Navigation,8.0,2.0,5.0,3.0
P0695,Cognitive,None,Navigation,0.0,198.42098572911146,2.0,,24.0,5.0,6.0,2.0
P0696,Cognitive,None,Search,0.0,158.3587904177368,3.0,Navigation,26.0,2.0,7.0,1.0
P0697,Cognitive,None,Checkout,0.0,69.30489641663961,1.0,Compatibility,34.0,4.0,6.0,3.0
P0698,Motor,Keyboard_Only,Search,1.0,24.502056897412288,1.0,Labeling,17.0,1.0,7.0,2.0
P0699,Motor,Voice_Control,Checkout,1.0,56.645825074936184,,Navigation,14.0,3.0,5.0,1.0
P0700,,None,Navigation,0.0,25.955944576923304,0.0,None,21.0,3.0,4.0,2.0
P0701,Hearing,None,Navigation,0.0,23.585098747986983,2.0,Compatibility,,4.0,6.0,2.0
P0702,Motor,Voice_Control,Checkout,1.0,52.62521806891115,1.0,Navigation,15.0,3.0,5.0,3.0
P0703,Visual,Screen_Reader,Form_Submit,1.0,69.61846508722672,2.0,Compatibility,10.0,5.0,5.0,4.0
,Motor,Keyboard_Only,Form_Submit,1.0,47.62625605008577,1.0,Labeling,13.0,5.0,6.0,2.0
P0705,Cognitive,None,Checkout,0.0,47.780148935008356,0.0,None,22.0,5.0,5.0,0.0
P0706,Visual,Screen_Reader,Checkout,1.0,40.60271846086409,3.0,Compatibility,11.0,3.0,4.0,4.0
P0707,Visual,Screen_Reader,Navigation,1.0,183.73265304868576,3.0,Focus,11.0,2.0,6.0,3.0
P0708,Motor,Keyboard_Only,Search,1.0,102.02814351651588,1.0,Focus,13.0,3.0,,6.0
P0709,,Keyboard_Only,Search,1.0,41.321331690394814,0.0,None,13.0,4.0,6.0,2.0
P0710,Hearing,None,Checkout,1.0,227.68240344682314,4.0,Compatibility,8.0,2.0,5.0,1.0
P0711,Visual,Screen_Reader,Navigation,1.0,24.66109445576054,1.0,Focus,15.0,3.0,7.0,2.0
P0712,Motor,Keyboard_Only,Checkout,1.0,86.49223697047461,0.0,None,12.0,3.0,6.0,3.0
P0713,,None,Search,1.0,178.85396794084005,1.0,Focus,19.0,3.0,5.0,2.0
P0714,Visual,Screen_Reader,Checkout,1.0,44.47321626612777,0.0,None,12.0,1.0,6.0,3.0
P0715,Cognitive,None,Search,0.0,20.930718502692848,0.0,None,23.0,2.0,7.0,2.0
P0716,Cognitive,None,Search,1.0,39.837653502365356,1.0,Labeling,17.0,2.0,6.0,2.0
P0717,Visual,Screen_Reader,Search,0.0,184.62261622078952,1.0,Navigation,24.0,4.0,7.0,2.0
P0718,Motor,Keyboard_Only,Form_Submit,1.0,65.99096988999905,0.0,None,10.0,3.0,6.0,2.0
P0719,Cognitive,None,Form_Submit,0.0,26.031816396125457,2.0,Navigation,24.0,4.0,7.0,5.0
P0720,Cognitive,None,Checkout,1.0,28.059626967944922,0.0,None,17.0,2.0,,3.0
P0721,Hearing,None,Search,0.0,181.1056589164093,0.0,None,38.0,3.0,5.0,6.0
P0722,Motor,Voice_Control,Form_Submit,0.0,168.39051762665517,0.0,None,23.0,3.0,6.0,3.0
P0723,Cognitive,None,,1.0,27.07416127525918,1.0,Labeling,16.0,4.0,6.0,1.0
P0724,Hearing,None,Navigation,0.0,80.10380313464971,3.0,Labeling,25.0,4.0,7.0,2.0
P0725,Cognitive,None,Search,1.0,582.9321793775011,5.0,Labeling,18.0,4.0,5.0,3.0
P0726,Hearing,None,Form_Submit,0.0,86.16971338658769,3.0,Focus,23.0,2.0,5.0,4.0
P0727,Motor,Voice_Control,Navigation,1.0,44.07423110419947,3.0,Compatibility,7.0,3.0,7.0,1.0
P0728,Motor,Keyboard_Only,Search,1.0,487.3186652306817,2.0,Compatibility,15.0,1.0,5.0,2.0
P0729,Visual,Magnifier,Search,1.0,456.6898835514217,2.0,,13.0,5.0,5.0,5.0
P0730,Hearing,None,Form_Submit,0.0,153.49649746270222,2.0,Focus,10.0,4.0,7.0,2.0
P0731,Hearing,None,Search,1.0,126.74186822705168,3.0,Compatibility,16.0,4.0,5.0,2.0
P0732,Motor,Voice_Control,Search,1.0,32.78026677035272,3.0,Navigation,12.0,3.0,7.0,0.0
P0733,Cognitive,None,Search,0.0,378.20586040664773,0.0,None,26.0,5.0,6.0,2.0
P0734,Visual,Screen_Reader,Navigation,1.0,90.35295699980355,2.0,Focus,14.0,1.0,6.0,1.0
P0735,Motor,Voice_Control,,1.0,68.41924178404633,2.0,Focus,14.0,1.0,6.0,1.0
P0736,Hearing,None,Form_Submit,0.0,50.19842657594952,3.0,Focus,25.0,2.0,7.0,1.0
P0737,Motor,Voice_Control,Checkout,0.0,126.21654246316405,3.0,Compatibility,25.0,4.0,7.0,2.0
P0738,Hearing,None,Checkout,1.0,35.9565515128677,,Compatibility,8.0,4.0,6.0,4.0
P0739,Motor,Voice_Control,Form_Submit,1.0,13.536573275338753,3.0,Labeling,11.0,3.0,4.0,1.0
P0740,Motor,Voice_Control,Search,1.0,31.60194206992633,3.0,Labeling,11.0,3.0,5.0,0.0
P0741,Cognitive,None,Checkout,1.0,139.09081392592475,0.0,None,20.0,2.0,6.0,2.0
P0742,Visual,Magnifier,Search,1.0,24.773748564049942,5.0,Navigation,16.0,2.0,5.0,5.0
P0743,Visual,Screen_Reader,Form_Submit,1.0,19.095057385687223,3.0,Focus,13.0,4.0,7.0,3.0
P0744,Hearing,None,Search,1.0,72.70681634187716,2.0,Labeling,11.0,3.0,5.0,5.0
P0745,Cognitive,None,Navigation,1.0,331.65377108632003,4.0,Labeling,10.0,,5.0,0.0
P0746,Visual,Magnifier,Form_Submit,0.0,27.38141608521355,4.0,Labeling,19.0,5.0,5.0,2.0
P0747,Visual,Screen_Reader,Navigation,1.0,47.95525153027876,2.0,Navigation,12.0,4.0,6.0,0.0
P0748,Motor,Keyboard_Only,Navigation,0.0,13.518540450817332,1.0,Navigation,31.0,2.0,6.0,4.0
P0749,Cognitive,None,Form_Submit,0.0,58.1792023559497,0.0,None,20.0,1.0,4.0,1.0
,Visual,Screen_Reader,Checkout,0.0,46.670826085052695,0.0,None,19.0,5.0,5.0,3.0
P0751,Visual,Magnifier,Form_Submit,1.0,108.45551881630928,0.0,None,12.0,3.0,5.0,2.0
P0752,Visual,Magnifier,Search,1.0,170.36619648808806,4.0,Navigation,19.0,4.0,4.0,2.0
P0753,Cognitive,None,Form_Submit,0.0,40.369915471487275,0.0,None,26.0,2.0,4.0,2.0
P0754,Cognitive,None,Search,0.0,30.175588587504436,2.0,Focus,23.0,4.0,6.0,0.0
,Visual,Magnifier,Form_Submit,1.0,452.54744817918436,3.0,Compatibility,12.0,3.0,7.0,2.0
P0756,Motor,Voice_Control,Checkout,1.0,37.890221265977615,0.0,None,15.0,1.0,6.0,5.0
P0757,Hearing,None,Form_Submit,1.0,41.56570254509357,0.0,None,17.0,4.0,7.0,2.0
P0758,Visual,Screen_Reader,Navigation,1.0,67.19783281722437,0.0,None,16.0,3.0,6.0,0.0
P0759,Motor,Keyboard_Only,Search,1.0,172.97875190821898,0.0,None,20.0,4.0,7.0,1.0
P0760,Cognitive,None,Search,1.0,37.58173941102266,0.0,None,13.0,4.0,5.0,4.0
P0761,Motor,Voice_Control,Navigation,1.0,35.479813491358414,0.0,None,13.0,2.0,6.0,1.0
P0762,Motor,Voice_Control,Search,0.0,94.66054340135683,2.0,Compatibility,32.0,2.0,7.0,1.0
P0763,Motor,Voice_Control,Search,1.0,,0.0,None,14.0,5.0,7.0,2.0
P0764,Motor,Voice_Control,,1.0,42.80881593037715,1.0,Labeling,18.0,4.0,7.0,2.0
P0765,Motor,Keyboard_Only,Form_Submit,1.0,121.63825562714871,2.0,Compatibility,17.0,5.0,5.0,3.0
P0766,Visual,Screen_Reader,Navigation,1.0,43.9033110522863,3.0,Labeling,16.0,1.0,7.0,2.0
P0767,Cognitive,None,Checkout,0.0,50.923362171414695,4.0,Compatibility,24.0,3.0,6.0,3.0
P0768,Cognitive,None,Search,1.0,117.08308382624392,0.0,None,16.0,4.0,5.0,3.0
P0769,Visual,Magnifier,Navigation,1.0,457.1447881256472,1.0,Navigation,18.0,5.0,5.0,2.0
P0770,Visual,Screen_Reader,Form_Submit,1.0,118.7346347345189,0.0,None,12.0,5.0,6.0,3.0
P0771,Cognitive,None,Search,1.0,110.42874470085346,0.0,None,11.0,3.0,6.0,2.0
P0772,Motor,Voice_Control,Form_Submit,1.0,141.18976160012556,3.0,Labeling,17.0,1.0,6.0,2.0
P0773,Hearing,None,Search,1.0,30.952802702867398,0.0,None,19.0,1.0,4.0,0.0
P0774,Cognitive,None,Checkout,1.0,44.72096849394524,4.0,Compatibility,16.0,4.0,6.0,2.0
P0775,Cognitive,None,Checkout,1.0,79.70431330507893,3.0,Labeling,19.0,3.0,5.0,4.0
P0776,Hearing,None,Checkout,0.0,30.99959252589494,1.0,Navigation,20.0,2.0,5.0,4.0
P0777,Motor,Voice_Control,Search,0.0,162.49054073670706,0.0,None,21.0,2.0,6.0,2.0
P0778,Cognitive,None,Checkout,0.0,47.56569250268886,1.0,Labeling,22.0,4.0,5.0,2.0
P0779,Cognitive,None,Navigation,1.0,105.94945448756349,0.0,None,17.0,3.0,6.0,2.0
P0780,Motor,Voice_Control,Form_Submit,1.0,66.85869489086824,4.0,Focus,11.0,2.0,6.0,3.0
P0781,Motor,Voice_Control,Search,0.0,117.95658286218313,,Navigation,23.0,4.0,7.0,2.0
P0782,Visual,Magnifier,Checkout,1.0,340.09879952357954,,None,9.0,5.0,5.0,4.0
P0783,Cognitive,None,Navigation,1.0,79.1922907309116,0.0,None,,3.0,5.0,2.0
P0784,Hearing,None,Navigation,1.0,23.523332070202077,3.0,Labeling,16.0,4.0,5.0,3.0
P0785,Cognitive,None,Search,1.0,100.27202967434842,5.0,Compatibility,13.0,5.0,7.0,2.0
P0786,,Keyboard_Only,Search,1.0,42.02704580752815,0.0,None,12.0,5.0,4.0,1.0
P0787,Hearing,None,Navigation,1.0,73.88285361842688,0.0,None,19.0,4.0,6.0,2.0
P0788,Cognitive,None,Search,0.0,79.94874260990636,3.0,Compatibility,21.0,4.0,5.0,0.0
P0789,Cognitive,None,Navigation,0.0,41.6485150709815,3.0,Focus,21.0,4.0,6.0,1.0
P0790,Visual,Screen_Reader,Navigation,0.0,76.15353720004585,1.0,Focus,18.0,4.0,6.0,3.0
P0791,Hearing,None,Navigation,0.0,50.51596356714611,0.0,None,24.0,4.0,5.0,0.0
P0792,Cognitive,None,Form_Submit,0.0,64.58148366430031,3.0,Labeling,14.0,1.0,6.0,2.0
P0793,Motor,Keyboard_Only,Navigation,0.0,46.077389519040175,0.0,None,21.0,4.0,6.0,2.0
P0794,Visual,Magnifier,Form_Submit,0.0,222.30538284845466,4.0,Labeling,21.0,2.0,6.0,2.0
P0795,Motor,Voice_Control,Search,0.0,23.373451744035414,2.0,Focus,24.0,4.0,7.0,5.0
P0796,Visual,Screen_Reader,Checkout,1.0,243.97808902371213,1.0,Compatibility,13.0,3.0,7.0,4.0
P0797,Hearing,None,Navigation,1.0,161.47948149033792,2.0,Navigation,12.0,3.0,6.0,1.0
P0798,Hearing,None,Search,1.0,278.378625683839,2.0,Focus,15.0,2.0,5.0,2.0
P0799,Visual,Screen_Reader,Navigation,1.0,443.19192396695746,3.0,Navigation,11.0,4.0,6.0,1.0
P0800,Hearing,None,Search,1.0,44.19520195033262,0.0,None,17.0,5.0,4.0,3.0
P0801,Cognitive,None,Form_Submit,0.0,,0.0,None,28.0,4.0,,0.0
P0802,Hearing,None,Navigation,0.0,78.97023831917176,1.0,Compatibility,31.0,5.0,5.0,3.0
P0803,Motor,Keyboard_Only,Navigation,0.0,160.20464212266316,3.0,Focus,30.0,3.0,,0.0
P0804,,None,Navigation,1.0,115.32154004742964,0.0,None,16.0,1.0,7.0,2.0
P0805,Motor,Voice_Control,Checkout,1.0,74.22542813086646,3.0,Navigation,17.0,4.0,6.0,3.0
P0806,Cognitive,None,Search,1.0,24.26339110670716,4.0,Focus,13.0,2.0,5.0,3.0
P0807,Hearing,None,Search,0.0,36.0932558105287,0.0,None,24.0,2.0,6.0,
P0808,Cognitive,None,Navigation,1.0,137.00402540155014,0.0,None,9.0,4.0,7.0,3.0
P0809,Motor,Voice_Control,Navigation,0.0,55.89039669615254,0.0,None,27.0,5.0,6.0,2.0
P0810,Motor,Voice_Control,Form_Submit,1.0,264.27263776332575,2.0,Labeling,13.0,4.0,5.0,3.0
P0811,Cognitive,None,Search,1.0,85.28914243064331,0.0,None,22.0,4.0,5.0,0.0
P0812,Motor,Keyboard_Only,,1.0,59.56775874290375,0.0,None,18.0,1.0,6.0,0.0
P0813,Visual,Screen_Reader,Search,1.0,199.97953663696694,0.0,None,,4.0,4.0,2.0
P0814,Motor,Voice_Control,Search,1.0,109.21488830078337,1.0,Navigation,17.0,2.0,5.0,4.0
P0815,Visual,Screen_Reader,Checkout,0.0,52.6298248945463,0.0,None,26.0,5.0,5.0,0.0
P0816,Cognitive,None,Search,0.0,17.8220288822822,1.0,Labeling,32.0,2.0,6.0,2.0
P0817,Cognitive,None,Navigation,0.0,38.59635784894354,0.0,None,23.0,2.0,6.0,0.0
P0818,Cognitive,None,Checkout,1.0,218.15335737637662,5.0,Focus,14.0,2.0,,2.0
P0819,Cognitive,None,Checkout,0.0,174.98038298444874,2.0,Labeling,25.0,,6.0,1.0
P0820,Cognitive,,Form_Submit,1.0,42.9500921604861,0.0,None,17.0,1.0,6.0,2.0
P0821,Motor,Keyboard_Only,Checkout,1.0,111.24592556997231,2.0,Navigation,19.0,2.0,6.0,4.0
P0822,Hearing,None,Navigation,1.0,102.26478898283335,0.0,None,13.0,4.0,6.0,2.0
P0823,Hearing,None,Form_Submit,1.0,85.55456381529476,1.0,Compatibility,10.0,5.0,5.0,2.0
P0824,,Screen_Reader,Navigation,1.0,72.19059983339181,4.0,Navigation,20.0,2.0,7.0,2.0
P0825,Motor,Voice_Control,Form_Submit,1.0,,2.0,Compatibility,13.0,4.0,5.0,2.0
P0826,Visual,Screen_Reader,Form_Submit,1.0,29.556575515726255,3.0,Compatibility,10.0,3.0,5.0,2.0
P0827,Visual,Magnifier,Search,,82.16701143273804,0.0,None,18.0,4.0,6.0,0.0
P0828,Visual,Screen_Reader,Navigation,1.0,197.5173647152165,0.0,None,11.0,1.0,4.0,0.0
P0829,Visual,Screen_Reader,Search,0.0,181.5439222401177,2.0,Compatibility,22.0,4.0,5.0,0.0
P0830,Motor,Voice_Control,Checkout,0.0,139.17513199972345,2.0,Navigation,27.0,3.0,6.0,4.0
P0831,Hearing,None,Search,1.0,47.301886334049414,0.0,None,13.0,2.0,5.0,2.0
P0832,Visual,Screen_Reader,Navigation,1.0,54.34379312337214,2.0,Labeling,14.0,3.0,6.0,2.0
P0833,Cognitive,None,Navigation,1.0,33.83142910103993,0.0,None,14.0,4.0,5.0,2.0
P0834,Hearing,None,Search,1.0,98.12265144293116,3.0,Navigation,18.0,5.0,7.0,1.0
P0835,Visual,Screen_Reader,,1.0,22.239149040093828,4.0,Compatibility,15.0,5.0,6.0,0.0
P0836,Hearing,None,,0.0,20.51035406946036,3.0,Labeling,25.0,3.0,7.0,4.0
P0837,Motor,Voice_Control,Checkout,1.0,154.81713467076764,4.0,Compatibility,13.0,1.0,7.0,1.0
P0838,Cognitive,None,Checkout,0.0,93.51786048375081,1.0,Compatibility,27.0,4.0,7.0,0.0
P0839,Visual,Screen_Reader,Search,0.0,28.611680266800768,0.0,None,20.0,2.0,4.0,1.0
P0840,Cognitive,None,Checkout,0.0,101.61728408854732,0.0,None,21.0,2.0,4.0,3.0
P0841,Hearing,None,Checkout,1.0,113.16000992924249,3.0,Navigation,17.0,3.0,6.0,2.0
P0842,Visual,Screen_Reader,Checkout,0.0,147.84265673028557,1.0,Focus,29.0,2.0,6.0,5.0
P0843,Motor,Voice_Control,Form_Submit,1.0,70.83850934140787,0.0,,9.0,3.0,7.0,5.0
P0844,Cognitive,None,Form_Submit,1.0,156.57073190187117,0.0,None,15.0,4.0,6.0,3.0
P0845,Visual,Screen_Reader,Search,1.0,212.82986847390492,3.0,Labeling,13.0,4.0,4.0,1.0
P0846,Visual,Magnifier,Navigation,0.0,51.12663682037487,0.0,None,28.0,3.0,6.0,2.0
P0847,Motor,Keyboard_Only,Navigation,1.0,58.39468523875313,0.0,None,15.0,2.0,6.0,2.0
P0848,Visual,Screen_Reader,Form_Submit,1.0,115.49762131065964,1.0,Compatibility,14.0,4.0,6.0,5.0
P0849,Hearing,None,Checkout,0.0,146.92682376411483,0.0,None,32.0,1.0,6.0,0.0
P0850,Cognitive,None,Navigation,1.0,,0.0,None,12.0,3.0,6.0,2.0
P0851,Motor,Keyboard_Only,Checkout,1.0,73.83627558655529,0.0,None,10.0,3.0,5.0,0.0
P0852,Motor,Voice_Control,Checkout,1.0,140.40065503009208,3.0,Labeling,15.0,3.0,6.0,1.0
P0853,Visual,Screen_Reader,Checkout,0.0,55.10486153070934,3.0,Navigation,26.0,3.0,7.0,0.0
P0854,Visual,Screen_Reader,Search,1.0,69.64524406553292,2.0,Navigation,15.0,5.0,5.0,3.0
P0855,Cognitive,None,Form_Submit,0.0,311.4598517008767,2.0,Labeling,24.0,3.0,5.0,1.0
P0856,Visual,Screen_Reader,Checkout,0.0,183.3528278693046,1.0,Compatibility,16.0,4.0,4.0,1.0
P0857,Visual,Screen_Reader,Form_Submit,1.0,127.38215031940335,2.0,Compatibility,21.0,1.0,5.0,1.0
P0858,Cognitive,None,Form_Submit,1.0,43.3362253184313,2.0,Compatibility,,4.0,6.0,2.0
P0859,Hearing,None,Navigation,0.0,49.15981518929982,3.0,Navigation,25.0,5.0,4.0,4.0
P0860,Visual,Screen_Reader,Navigation,0.0,6.293971596240976,2.0,Compatibility,28.0,3.0,5.0,0.0
P0861,Cognitive,None,Navigation,1.0,63.630387871107565,2.0,Labeling,23.0,2.0,6.0,1.0
P0862,Motor,Keyboard_Only,Navigation,1.0,19.83190353972161,0.0,None,14.0,5.0,5.0,4.0
P0863,Hearing,None,Navigation,0.0,335.4738877710124,3.0,Labeling,,3.0,6.0,0.0
P0864,Motor,Voice_Control,Navigation,1.0,21.43002776494496,0.0,None,23.0,2.0,,3.0
P0865,Motor,Voice_Control,Checkout,0.0,227.84687721730563,3.0,Navigation,20.0,4.0,5.0,0.0
P0866,Visual,Screen_Reader,Search,0.0,170.92066715688603,1.0,Labeling,32.0,3.0,6.0,2.0
P0867,Cognitive,None,Navigation,1.0,186.2275330712414,0.0,None,15.0,3.0,5.0,2.0
P0868,,Screen_Reader,Form_Submit,1.0,81.97048522353118,2.0,Navigation,17.0,4.0,5.0,0.0
P0869,Cognitive,None,Checkout,1.0,102.32421925819364,3.0,Compatibility,15.0,3.0,5.0,1.0
P0870,Motor,Voice_Control,Navigation,1.0,18.3282805721187,4.0,Navigation,11.0,3.0,6.0,1.0
P0871,Visual,Magnifier,Checkout,,145.7635815199933,1.0,Compatibility,24.0,2.0,5.0,4.0
P0872,Hearing,None,Navigation,0.0,123.94670256282515,0.0,None,25.0,4.0,6.0,1.0
P0873,Visual,Magnifier,Checkout,1.0,113.88819601918559,0.0,None,17.0,4.0,7.0,1.0
P0874,Visual,Magnifier,Search,1.0,86.9829720375047,1.0,Focus,12.0,3.0,6.0,2.0
P0875,Visual,Screen_Reader,Search,1.0,57.54878174532641,0.0,None,12.0,3.0,6.0,2.0
P0876,Cognitive,None,Form_Submit,1.0,75.55553336936241,0.0,None,15.0,4.0,6.0,2.0
P0877,Visual,Screen_Reader,Form_Submit,0.0,46.05504212696823,4.0,Navigation,,3.0,5.0,7.0
P0878,Cognitive,None,Form_Submit,1.0,312.3712819135951,5.0,Focus,20.0,5.0,6.0,3.0
P0879,Motor,Keyboard_Only,Search,1.0,123.15582212459631,0.0,None,10.0,5.0,6.0,0.0
P0880,Motor,Voice_Control,Search,1.0,83.43726426061707,0.0,None,16.0,4.0,7.0,3.0
P0881,Hearing,None,Form_Submit,1.0,94.80112132154323,2.0,Navigation,15.0,4.0,5.0,1.0
P0882,Motor,Voice_Control,Search,1.0,54.97836302537384,5.0,Navigation,12.0,3.0,6.0,2.0
P0883,Cognitive,None,Search,1.0,55.91301527182959,1.0,Navigation,9.0,4.0,6.0,1.0
P0884,Hearing,None,Checkout,1.0,62.415416456859546,0.0,None,15.0,5.0,6.0,0.0
P0885,Visual,Magnifier,Checkout,1.0,61.86539097247727,3.0,Compatibility,16.0,4.0,4.0,3.0
P0886,Motor,Voice_Control,Form_Submit,1.0,125.48713405494146,0.0,None,14.0,2.0,6.0,1.0
P0887,Hearing,None,Form_Submit,0.0,178.88318788588936,3.0,Navigation,31.0,5.0,6.0,6.0
P0888,Hearing,None,Search,1.0,6.221181831726817,,Focus,6.0,4.0,5.0,3.0
P0889,Cognitive,None,Search,1.0,69.35506959786167,0.0,None,12.0,2.0,4.0,1.0
P0890,Hearing,None,,1.0,47.22451059363978,3.0,Compatibility,9.0,4.0,7.0,4.0
P0891,Hearing,None,Checkout,0.0,116.7446782984153,0.0,None,22.0,4.0,4.0,1.0
P0892,Hearing,None,Navigation,1.0,255.70976886669195,2.0,Labeling,,1.0,7.0,2.0
P0893,Motor,Keyboard_Only,Form_Submit,1.0,44.20653123076206,2.0,Compatibility,13.0,4.0,6.0,2.0
P0894,Hearing,None,Search,1.0,122.96061494719947,3.0,Compatibility,21.0,5.0,,2.0
P0895,Motor,Voice_Control,Navigation,0.0,50.128331818940566,0.0,None,24.0,5.0,7.0,2.0
P0896,Hearing,None,Form_Submit,1.0,225.69966369913953,1.0,Labeling,18.0,4.0,6.0,0.0
P0897,Visual,Screen_Reader,Checkout,0.0,68.47292410397024,0.0,None,27.0,2.0,6.0,0.0
P0898,Cognitive,None,Checkout,1.0,28.941574230389946,5.0,Navigation,12.0,2.0,4.0,2.0
,Motor,Voice_Control,Navigation,1.0,123.77526331045064,2.0,Navigation,16.0,3.0,6.0,0.0
P0900,Visual,Screen_Reader,Checkout,1.0,10.452970367369304,1.0,Focus,10.0,3.0,7.0,0.0
P0901,Motor,Voice_Control,Form_Submit,1.0,174.48353276429987,0.0,None,17.0,1.0,7.0,1.0
P0902,Hearing,None,Checkout,1.0,64.94511641330413,,Labeling,16.0,3.0,6.0,1.0
P0903,Cognitive,None,Search,1.0,85.78694048639454,0.0,None,8.0,3.0,7.0,1.0
P0904,Cognitive,None,Form_Submit,1.0,31.80972101951826,0.0,None,11.0,5.0,5.0,2.0
P0905,Visual,Screen_Reader,Checkout,1.0,16.717904197998617,2.0,Compatibility,14.0,2.0,7.0,2.0
P0906,Visual,Screen_Reader,Search,1.0,102.23987263638955,0.0,None,14.0,4.0,5.0,2.0
P0907,Cognitive,None,Navigation,1.0,49.49837051106012,0.0,None,11.0,4.0,5.0,1.0
P0908,Hearing,None,Navigation,0.0,71.09159429850426,3.0,Navigation,30.0,5.0,6.0,1.0
P0909,Visual,Screen_Reader,Search,1.0,20.98632813872747,0.0,None,14.0,4.0,6.0,1.0
P0910,Visual,Screen_Reader,Form_Submit,0.0,86.07951338495242,2.0,Labeling,26.0,3.0,5.0,0.0
P0911,Visual,Magnifier,Search,1.0,145.78303175902198,0.0,None,10.0,,6.0,5.0
P0912,Hearing,None,Form_Submit,0.0,45.134840626714904,0.0,None,22.0,5.0,6.0,6.0
P0913,Motor,Keyboard_Only,Search,1.0,104.23389289625489,0.0,None,10.0,3.0,6.0,2.0
P0914,Hearing,None,Form_Submit,1.0,310.6234070967115,4.0,Navigation,12.0,2.0,5.0,2.0
P0915,Cognitive,None,Navigation,1.0,81.08908394635978,1.0,Focus,9.0,4.0,6.0,5.0
P0916,Hearing,None,Form_Submit,0.0,118.8597686512102,0.0,None,26.0,4.0,4.0,1.0
P0917,Motor,Keyboard_Only,Navigation,1.0,24.89740576504649,0.0,None,15.0,3.0,5.0,5.0
P0918,Cognitive,,Checkout,0.0,193.77523893803027,4.0,Compatibility,31.0,3.0,4.0,1.0
P0919,Motor,Voice_Control,Search,1.0,85.34370683408417,2.0,Labeling,13.0,5.0,5.0,1.0
P0920,Hearing,None,Navigation,1.0,43.12420847548547,0.0,None,14.0,5.0,6.0,3.0
P0921,Motor,Voice_Control,Checkout,1.0,93.679364909466,1.0,Focus,14.0,4.0,5.0,2.0
P0922,Visual,Screen_Reader,Checkout,1.0,108.64275397516235,2.0,Navigation,16.0,1.0,5.0,3.0
P0923,Motor,Keyboard_Only,Search,1.0,177.23582110584485,3.0,Navigation,26.0,3.0,5.0,1.0
P0924,Cognitive,None,Form_Submit,0.0,55.839852910323344,1.0,Labeling,38.0,4.0,6.0,1.0
P0925,Cognitive,None,Search,1.0,89.45029556869818,4.0,Compatibility,12.0,4.0,7.0,0.0
P0926,Hearing,None,Search,1.0,52.946331474049224,1.0,Compatibility,15.0,2.0,6.0,5.0
P0927,Motor,Voice_Control,Navigation,1.0,154.57366074952705,2.0,Navigation,16.0,4.0,7.0,2.0
P0928,Cognitive,None,Navigation,1.0,66.1254817948962,2.0,Labeling,12.0,3.0,4.0,3.0
P0929,Cognitive,None,Search,1.0,31.447484527941512,3.0,Navigation,11.0,2.0,7.0,1.0
P0930,Hearing,None,Navigation,1.0,112.01074703959705,,Navigation,15.0,5.0,5.0,1.0
P0931,Motor,Voice_Control,Checkout,1.0,58.02703490644067,2.0,Focus,15.0,3.0,6.0,0.0
P0932,Motor,Keyboard_Only,Search,0.0,100.62825572824723,1.0,Focus,30.0,,5.0,3.0
P0933,Cognitive,None,Checkout,1.0,36.30753154328785,1.0,Compatibility,10.0,4.0,6.0,5.0
P0934,Motor,Voice_Control,Form_Submit,0.0,40.67317863328353,5.0,Labeling,18.0,3.0,7.0,2.0
P0935,Cognitive,None,Checkout,1.0,92.5664511994581,2.0,,11.0,5.0,6.0,
P0936,Hearing,None,Form_Submit,1.0,,3.0,Navigation,15.0,3.0,4.0,1.0
P0937,Motor,Voice_Control,Navigation,1.0,63.26955426256216,2.0,Navigation,18.0,2.0,6.0,3.0
P0938,Motor,Voice_Control,Form_Submit,1.0,214.90615087268696,1.0,Focus,9.0,2.0,6.0,3.0
P0939,Hearing,None,Checkout,0.0,61.78291917420449,2.0,,30.0,4.0,6.0,2.0
P0940,Cognitive,None,Search,1.0,93.62528287508468,0.0,None,16.0,4.0,7.0,3.0
P0941,Hearing,None,Search,1.0,41.37254075701305,3.0,Labeling,11.0,1.0,5.0,0.0
P0942,Motor,Voice_Control,Navigation,,116.44584583314027,4.0,Focus,23.0,4.0,4.0,0.0
P0943,Visual,Screen_Reader,Form_Submit,1.0,130.61039831486227,2.0,Focus,11.0,3.0,6.0,1.0
P0944,Motor,Voice_Control,Navigation,0.0,25.527846676223206,2.0,Focus,26.0,3.0,6.0,4.0
P0945,Hearing,None,Checkout,1.0,39.62592767427445,0.0,None,17.0,4.0,7.0,0.0
P0946,Hearing,None,Form_Submit,0.0,65.06585803529617,4.0,Compatibility,30.0,4.0,6.0,1.0
P0947,Cognitive,None,Checkout,0.0,31.66616159337369,2.0,Navigation,22.0,1.0,5.0,4.0
P0948,Visual,Magnifier,Form_Submit,1.0,28.62655146365018,3.0,Compatibility,11.0,3.0,7.0,2.0
P0949,Hearing,None,Navigation,0.0,109.02067368374057,2.0,Focus,25.0,3.0,6.0,1.0
P0950,Motor,Keyboard_Only,Search,1.0,153.5940141338747,1.0,Focus,21.0,5.0,4.0,3.0
P0951,Visual,Screen_Reader,Checkout,0.0,141.129395864482,5.0,Navigation,33.0,2.0,6.0,1.0
P0952,Motor,Voice_Control,Navigation,1.0,30.92896919587676,3.0,Compatibility,18.0,4.0,5.0,4.0
P0953,Motor,,Form_Submit,,84.94238489158194,0.0,None,24.0,3.0,6.0,0.0
P0954,Visual,Screen_Reader,Checkout,0.0,56.371230458046796,5.0,Navigation,22.0,4.0,5.0,1.0
P0955,Cognitive,None,Form_Submit,1.0,357.3880950567262,0.0,None,11.0,2.0,7.0,1.0
P0956,Hearing,None,,0.0,105.07611000589978,0.0,None,23.0,1.0,6.0,2.0
P0957,Motor,Voice_Control,Search,1.0,404.15224619731316,4.0,Navigation,14.0,3.0,5.0,2.0
P0958,Hearing,None,Checkout,0.0,362.16835534454975,3.0,Navigation,25.0,4.0,6.0,2.0
P0959,Visual,Screen_Reader,Checkout,1.0,44.65865595620092,0.0,None,15.0,4.0,5.0,3.0
P0960,Motor,Keyboard_Only,Navigation,0.0,32.461604263356136,3.0,Focus,23.0,2.0,7.0,2.0
P0961,Visual,Screen_Reader,Navigation,1.0,69.02214534458776,3.0,Navigation,22.0,1.0,5.0,2.0
P0962,Motor,Voice_Control,Search,1.0,12.686885002026283,3.0,Focus,12.0,5.0,5.0,5.0
P0963,Hearing,None,Navigation,1.0,165.7789822973371,2.0,Focus,13.0,3.0,6.0,1.0
P0964,Motor,Voice_Control,Search,1.0,80.7414380566544,2.0,Compatibility,15.0,3.0,6.0,2.0
P0965,Visual,Screen_Reader,Form_Submit,1.0,47.441218614373575,0.0,None,15.0,2.0,5.0,1.0
P0966,Hearing,None,Navigation,1.0,68.01506078345909,3.0,Navigation,17.0,3.0,6.0,5.0
P0967,Hearing,None,Checkout,0.0,371.98139122282726,5.0,Labeling,17.0,2.0,7.0,2.0
P0968,Hearing,None,Search,1.0,285.6764016931662,0.0,None,10.0,2.0,4.0,0.0
P0969,Hearing,None,Checkout,1.0,,0.0,None,15.0,2.0,5.0,1.0
P0970,Visual,Magnifier,Search,1.0,111.7009466327907,1.0,Compatibility,11.0,5.0,4.0,3.0
P0971,Motor,Voice_Control,Search,1.0,35.14121524206591,0.0,None,18.0,4.0,5.0,0.0
P0972,Hearing,None,Search,1.0,232.76320988940284,3.0,Focus,20.0,1.0,7.0,3.0
P0973,Hearing,None,Checkout,0.0,46.37356103252189,2.0,,22.0,4.0,5.0,2.0
P0974,Motor,Keyboard_Only,Checkout,1.0,209.85835129406246,0.0,None,7.0,4.0,5.0,1.0
P0975,Cognitive,None,Search,1.0,515.7613621117927,3.0,Focus,12.0,5.0,5.0,2.0
P0976,Visual,Screen_Reader,Checkout,1.0,116.3972146896515,2.0,Focus,15.0,1.0,7.0,2.0
P0977,Hearing,None,Form_Submit,1.0,154.40416405237076,4.0,Navigation,9.0,3.0,5.0,2.0
P0978,Motor,Voice_Control,Navigation,1.0,202.74605085038982,2.0,Focus,19.0,4.0,5.0,1.0
P0979,Hearing,None,Search,1.0,384.82313886829706,2.0,Compatibility,11.0,3.0,6.0,3.0
P0980,Motor,Keyboard_Only,Navigation,0.0,39.75023178782493,5.0,Navigation,33.0,3.0,5.0,4.0
P0981,Motor,Keyboard_Only,Search,1.0,45.50984850198503,3.0,Focus,14.0,4.0,6.0,4.0
P0982,Hearing,None,Form_Submit,0.0,94.30434988752268,0.0,None,22.0,4.0,6.0,1.0
P0983,Hearing,None,Form_Submit,1.0,49.08858441510493,4.0,Focus,20.0,1.0,6.0,2.0
P0984,Motor,Voice_Control,Form_Submit,1.0,175.92015982687747,0.0,None,11.0,4.0,6.0,0.0
P0985,Cognitive,None,Checkout,1.0,37.49730547607551,0.0,None,16.0,4.0,7.0,0.0
P0986,Hearing,None,Search,0.0,244.7998663094491,2.0,Compatibility,32.0,2.0,7.0,2.0
P0987,Hearing,None,Navigation,0.0,143.19958423983263,2.0,Labeling,26.0,1.0,6.0,2.0
P0988,Hearing,None,Checkout,1.0,46.16262972370646,3.0,Focus,12.0,3.0,7.0,4.0
,Hearing,None,Checkout,1.0,150.31135495183113,4.0,Focus,13.0,2.0,7.0,3.0
P0990,Visual,Magnifier,Search,1.0,125.88649571172192,0.0,None,17.0,3.0,6.0,2.0
P0991,Motor,Keyboard_Only,Navigation,0.0,106.80835358321868,4.0,Navigation,,3.0,6.0,1.0
P0992,Motor,Keyboard_Only,Navigation,0.0,84.25291374242866,0.0,None,21.0,3.0,4.0,0.0
P0993,Motor,Voice_Control,Search,,193.93639943049007,0.0,None,18.0,4.0,7.0,3.0
P0994,Hearing,None,Navigation,1.0,204.00341258975016,2.0,Navigation,8.0,1.0,5.0,4.0
P0995,Motor,Voice_Control,Form_Submit,0.0,16.354610373519073,0.0,None,21.0,1.0,6.0,1.0
P0996,Cognitive,None,Checkout,0.0,65.80406890467947,2.0,Focus,18.0,1.0,6.0,1.0
P0997,Visual,Magnifier,Navigation,0.0,35.49572071397902,0.0,,29.0,4.0,7.0,4.0
P0998,Visual,Magnifier,Form_Submit,0.0,79.19865354509834,0.0,None,26.0,5.0,6.0,3.0
P0999,Cognitive,None,Navigation,0.0,170.90273284227746,5.0,Navigation,22.0,1.0,6.0,
P1000,Motor,Keyboard_Only,Search,0.0,321.51303826315086,0.0,,21.0,5.0,7.0,1.0
